id,name,email,date,category,income,age,score
1,User 1,user1@example.com,2023-01-01,Category A,58437.51704261019,72.0,61.522820280020355
2,User 2,user2@example.com,2023-01-02,Category B,22043.11324175637,34.0,44.318007514465954
3,User 3,user3@example.com,2023-01-03,Category C,43732.981359454265,,63.2696041403513
4,user 4,user4@example.com,2023-01-04,Category B,2556.1804873496994,41.0,86.28792840992251
5,User 5,user5@example.com,2023-01-05,Category B,,61.0,7.98564245822565
6,User 6,user6@example.com,2023-01-06,Category B,,31.0,77.79844259884543
7,user 7,user7@example.com,2023-01-07,Category B,115071.57869770263,63.0,49.30291045210393
8,User 8,user8@example.com,2023-01-08,Category A,41072.22362853795,25.0,56.412694376199646
9,User 9,user9@example.com,2023-01-09,Category A,27997.14293314949,,65.39313600171202
10,User 10,user10@example.com,2023-01-10,Category C,35821.73078309972,54.0,92.26231491291074
11,User 11,user11@example.com,2023-01-11,Category A,8115.727681745889,36.0,5.671995355173786
12,User 12,user12@example.com,2023-01-12,Category C,111664.78715258488,45.0,
13,User 13,user13@example.com,2023-01-13,Rare Category 1,161356.32842225465,,
14,user 14,user14@example.com,2023-01-14,Category A,32627.58941599947,58.0,98.64477260267364
15,User 15,user15@example.com,2023-01-15,Category B,,47.0,71.50763673777757
16,User 16,user16@example.com,2023-01-16,Category B,12467.141737910415,24.0,61.46411190545019
17,User 17,user17@example.com,2023-01-17,Category C,9925.73773499673,76.0,4.7039053414747904
18,User 18,user18@example.com,2023-01-18,Rare Category 1,22946.592940787094,75.0,87.91102238929648
19,User 19,user19@example.com,2023-01-19,Category C,34028.06956256295,43.0,81.27568532971596
20,User 20,user20@example.com,2023-01-20,Category A,14853.834386660783,57.0,66.48000438670849
21,User 21,user21@example.com,2023-01-21,Category C,37713.303545070754,63.0,
22,User 22,user22@example.com,2023-01-22,Category B,29923.203106994417,71.0,7.050495556825731
23,User 23,user23@example.com,2023-01-23,Category B,,77.0,
24,User 24,user24@example.com,2023-01-24,Category A,37004.43382117612,63.0,71.96945714608376
25,USER 25,invalid_email,2023-01-25,Category A,52236.05490953127,28.0,9.424035047724743
26,User 26,user26@example.com,2023-01-26,Category C,26146.466016562656,31.0,63.376765979849594
27,User 27,user27@example.com,2023-01-27,Category B,69748.2844206697,,
28,User 28,user28@example.com,2023-01-28,Category B,6519.78191996415,,76.42442212198117
29,User 29,user29@example.com,2023-01-29,Category B,35170.05967171728,20.0,53.9615850601837
30,User 30,user30@example.com,2023-01-30,Category C,6834.3680954947695,45.0,
31,User 31,user31@example.com,2023-01-31,Category C,7229.452902120589,78.0,52.6519447733236
32,User 32,user32@example.com,2023-02-01,Category A,11720.200450411909,46.0,39.57368633667186
33,User 33,user33@example.com,2023-02-02,Category A,8586.442771183998,40.0,18.03559682816519
34,User 34,user34@example.com,2023-02-03,Category A,12733.660270095113,35.0,84.15157240621231
35,USER 35,user35@example.com,2023-02-04,Rare Category 1,17780.358807948287,52.0,1.10284484991362
36,User 36,invalid_email,2023-02-05,Category B,,30.0,31.212827687810595
37,User 37,user37@example.com,2023-02-06,Category B,15975.96942513882,29.0,1.2595038169426753
38,USER 38,user38@example.com,2023-02-07,Category B,,64.0,
39,USER 39,invalid_email,2023-02-08,Category B,68876.32930307895,67.0,29.709621917308105
40,User 40,user40@example.com,2023-02-09,Category C,7509205.910735341,22.0,5.427118538937359
41,Usr 41,user41@example.com,2023-02-10,Category B,20770.30440787439,56.0,
42,User 42,user42@example.com,2023-02-11,Category A,34424.93746166905,28.0,8.686290798618279
43,User 43,user43@example.com,2023-02-12,Category A,,75.0,70.17136340660952
44,User 44,user44@example.com,2023-02-13,Category B,,76.0,5.2642112627161115
45,User 45,invalid_email,2023-02-14,Rare Category 1,35560.94070832309,28.0,
46,User 46,user46@example.com,2023-02-15,Category B,9308.566836116459,76.0,
47,User 47,user47@example.com,2023-02-16,Category C,194572.89902241743,64.0,89.65715249692775
48,User 48,user48@example.com,2023-02-17,Category C,26751.169295182026,59.0,
49,User 49,user49@example.com,2023-02-18,Category A,19008.84684837999,64.0,77.01312919289194
50,User 50,user50@example.com,2023-02-19,Category A,57752.70245551067,48.0,14.155210947710605
51,User 51,user51@example.com,2023-02-20,Category A,28267.017537838394,,83.41254332472458
52,User 52,user52@example.com,2023-02-21,Category C,32834.274167831085,30.0,
53,User 53,user53@example.com,2023-02-22,Category A,266248.1369474145,31.0,21.305735073300614
54,Usr 54,user54@example.com,2023-02-23,Category B,16728.657935825544,66.0,61.609232114999344
55,User 55,user55@example.com,2023-02-24,Category B,16030.350425705677,62.0,37.52464085940503
56,User 56,user56@example.com,2023-02-25,Category C,24749.944164449746,59.0,98.41933917185635
57,Usr 57,user57@example.com,2023-02-26,Category A,64312.92722965449,42.0,3.0339246818318233
58,User 58,user58@example.com,2023-02-27,Category B,4882.760278651709,50.0,99.85981679365432
59,User 59,user59@example.com,2023-02-28,Category B,,,62.36278328613161
60,User 60,user60@example.com,2023-03-01,Category B,12245.14400196817,,55.870699459609654
61,User 61,user61@example.com,2023-03-02,Category C,4298.739163699884,32.0,5.951244256397437
62,User 62,user62@example.com,2023-03-03,Category A,14402.666650387979,33.0,27.332887666589066
63,User 63,user63@example.com,2023-03-04,Category C,36406.3939486704,,92.46626882915957
64,User 64,user64@example.com,2023-03-05,Category C,9038.523735428882,75.0,35.424600318924426
65,User 65,user65@example.com,2023-03-06,Category B,5287.883885716411,73.0,66.1653200467251
66,User 66,user66@example.com,2023-03-07,Category C,23607.911354311876,55.0,99.94963504187217
67,User 67,user67@example.com,2023-03-08,Category B,52184.64036105896,23.0,26.306971383354117
68,User 68,user68@example.com,2023-03-09,Category A,,61.0,57.60808790144938
69,User 69,user69@example.com,2023-03-10,Category C,50022.710851051306,,69.64377927022132
70,User 70,user70@example.com,2023-03-11,Category B,49876.54862015666,32.0,16.462724656541518
71,User 71,user71@example.com,2023-03-12,Category C,57187.18433380599,21.0,
72,USER 72,user72@example.com,2023-03-13,Category B,74494.4730875726,73.0,45.63079116581733
73,User 73,user73@example.com,2023-03-14,Rare Category 1,199189.9009209857,,38.58125217592894
74,User 74,user74@example.com,2023-03-15,Category B,15427.516062901093,47.0,71.42154368573138
75,User 75,user75@example.com,2023-03-16,Category A,24577.129148888864,51.0,6.950877144858625
76,User 76,user76@example.com,2023-03-17,Category B,14524.055688285336,44.0,97.21666237406905
77,USER 77,user77@example.com,2023-03-18,Category C,22070.051765356697,48.0,1.4276981685832357
78,User 78,user78@example.com,2023-03-19,Category C,102014.81793995608,73.0,60.13168243361512
79,User 79,user79@example.com,2023-03-20,Category B,5738.685844036846,49.0,
80,User 80,user80@example.com,2023-03-21,Category C,9310.986517177982,61.0,13.471573086972576
81,User 81,user81@example.com,2023-03-22,Category A,87306.56474210435,,15.091598271352979
82,User 82,user82@example.com,2023-03-23,Category B,61085.90962741275,69.0,79.26774877946268
83,User 83,user83@example.com,2023-03-24,Category C,15319.29391576125,26.0,88.75624584126831
84,User 84,user84@example.com,2023-03-25,Category C,51761.50478579515,58.0,
85,user 85,user85@example.com,2023-03-26,Category C,30983.678427948802,25.0,
86,User 86,user86@example.com,2023-03-27,Category C,98742.88297244346,31.0,35.499504103835356
87,User 87,user87@example.com,2023-03-28,Category A,23730.338021947413,,7.254701298665189
88,User 88,user88@example.com,2023-03-29,Category C,61428.68048024033,40.0,67.32042460158094
89,User 89,user89@example.com,2023-03-30,Category B,309282.97406638635,38.0,82.51929348056902
90,User 90,user90@example.com,2023-03-31,Category A,40058.61978963306,72.0,30.487935739120708
91,User 91,user91@example.com,2023-04-01,Category A,,29.0,99.01757936307183
92,User 92,user92@example.com,2023-04-02,Category B,7509205.910735341,74.0,7.5851557282354936
93,User 93,user93@example.com,2023-04-03,Category A,15286.404870255034,19.0,66.17907138145209
94,user 94,user94@example.com,2023-04-04,Category B,239897.66259298433,30.0,44.82280145260889
95,User 95,user95@example.com,2023-04-05,Category A,26372.34066152896,79.0,44.66019011066559
96,User 96,user96@example.com,2023-04-06,Category A,,76.0,45.764561603354025
97,User 97,user97@example.com,2023-04-07,Category B,9550.139063387027,21.0,25.868177380142843
98,USER 98,user98@example.com,2023-04-08,Category B,65987.47244854628,37.0,71.55628273322324
99,USER 99,user99@example.com,2023-04-09,Category B,,67.0,
100,User 100,invalid_email,2023-04-10,Category C,13395.11850082757,68.0,28.239711010582702
101,Usr 101,user101@example.com,2023-04-11,Category C,39200.757325595114,65.0,83.53064608584502
102,User 102,user102@example.com,2023-04-12,Category C,4872.897614197964,76.0,31.684494365033
103,user 103,user103@example.com,2023-04-13,Category B,26501.86998809465,31.0,72.50931239865423
104,User 104,user104@example.com,2023-04-14,Category C,34639.722513938585,47.0,12.099976751206643
105,User 105,user105@example.com,2023-04-15,Category A,121458.72954812036,46.0,16.870164280374567
106,User 106,user106@example.com,2023-04-16,Category A,10190.194335898856,25.0,31.579564450825114
107,User 107,user107@example.com,2023-04-17,Category B,6134.276198913113,29.0,59.38737676678615
108,User 108,user108@example.com,2023-04-18,Category C,8996.33039312475,58.0,64.55114854786993
109,User 109,user109@example.com,2023-04-19,Category A,5787.359951663794,,39.63561719674749
110,User 110,user110@example.com,2023-04-20,Category A,83839.31739461182,43.0,7.783915311051404
111,User 111,user111@example.com,2023-04-21,Category A,103635.92291866174,,37.36346520927243
112,User 112,user112@example.com,2023-04-22,Category C,30339.827822393458,19.0,
113,User 113,user113@example.com,2023-04-23,Category C,74704.4503525113,,67.0995461130316
114,User 114,user114@example.com,2023-04-24,Category A,25183.854672699774,57.0,16.019641320544274
115,Usr 115,user115@example.com,2023-04-25,Category B,,73.0,0.7783970268967155
116,user 116,user116@example.com,2023-04-26,Category B,15787.320249087068,31.0,75.29816172961168
117,User 117,invalid_email,2023-04-27,Category C,16148.928967057725,23.0,10.63681663852437
118,User 118,user118@example.com,2023-04-28,Category A,4685.361925630444,59.0,8.23491439642855
119,User 119,user119@example.com,2023-04-29,Category C,7509205.910735341,57.0,0.2701216834163467
120,User 120,user120@example.com,2023-04-30,Category B,21155.730423504956,79.0,43.260132595692724
121,USER 121,user121@example.com,2023-05-01,Category C,46414.199916443846,48.0,50.32639009008144
122,User 122,user122@example.com,2023-05-02,Category A,24185.86127176059,34.0,63.76640461485906
123,USER 123,user123@example.com,2023-05-03,Category B,,42.0,29.606384071258585
124,USER 124,user124@example.com,2023-05-04,Category B,9217.019226670123,78.0,71.042471638678
125,User 125,user125@example.com,2023-05-05,Category B,23674.48670238461,49.0,16.933185740694157
126,User 126,user126@example.com,2023-05-06,Category A,46084.743509503074,29.0,83.19900531103474
127,User 127,user127@example.com,2023-05-07,Category C,7021.000504802131,66.0,57.18483288904456
128,User 128,user128@example.com,2023-05-08,Category A,24039.984735364378,30.0,58.388982337204844
129,Usr 129,invalid_email,2023-05-09,Category C,27806.996801793135,36.0,20.977541377910814
130,User 130,user130@example.com,2023-05-10,Category C,10742.200296300583,61.0,7.410874930038824
131,user 131,user131@example.com,2023-05-11,Category B,12236.07329167178,65.0,46.47248030806714
132,User 132,user132@example.com,2023-05-12,Category C,27739.449502316027,42.0,61.56119519223589
133,USER 133,user133@example.com,2023-05-13,Category C,7090.981055733677,48.0,9.504645866168559
134,User 134,user134@example.com,2023-05-14,Category B,31254.65847483911,76.0,95.05344745281667
135,User 135,user135@example.com,2023-05-15,Category C,8996.992432839535,54.0,98.04143602328068
136,User 136,invalid_email,2023-05-16,Category A,,42.0,
137,User 137,user137@example.com,2023-05-17,Category B,228165.7791789522,33.0,95.00691552734062
138,User 138,user138@example.com,2023-05-18,Category C,9313.71382947241,74.0,17.944523758085307
139,User 139,user139@example.com,2023-05-19,Category B,37579.27055700277,55.0,2.5420685179524893
140,Usr 140,user140@example.com,2023-05-20,Category B,10649.39215773814,60.0,3.940953529038993
141,User 141,user141@example.com,2023-05-21,Category B,62377.14204068454,66.0,58.75124794267791
142,User 142,user142@example.com,2023-05-22,Category C,6215.127949335427,,
143,User 143,user143@example.com,2023-05-23,Rare Category 1,35617.3001627472,40.0,95.8545606824087
144,User 144,user144@example.com,2023-05-24,Category B,9200.480897244508,31.0,14.193321075939858
145,User 145,user145@example.com,2023-05-25,Category C,17908.22549073184,23.0,
146,User 146,user146@example.com,2023-05-26,Rare Category 1,7855.543381843914,,
147,User 147,user147@example.com,2023-05-27,Category A,50128.77486976391,,21.87403231040931
148,User 148,user148@example.com,2023-05-28,Category A,9537.814456250717,79.0,
149,User 149,user149@example.com,2023-05-29,Category C,7509205.910735341,77.0,64.23089557910183
150,User 150,user150@example.com,2023-05-30,Category C,15613.668128853678,,27.60860884892623
151,User 151,user151@example.com,2023-05-31,Category C,19644.007878070664,29.0,21.74476340077003
152,User 152,user152@example.com,2023-06-01,Category B,,30.0,25.41777143056575
153,User 153,user153@example.com,2023-06-02,Category A,,53.0,49.06474993407268
154,User 154,user154@example.com,2023-06-03,Category B,,56.0,96.6099872731482
155,User 155,user155@example.com,2023-06-04,Category A,101756.15209777307,51.0,83.22379415612284
156,user 156,user156@example.com,2023-06-05,Category A,10116.319735166895,,28.461026456017713
157,User 157,user157@example.com,2023-06-06,Category C,,55.0,36.33732084980977
158,User 158,user158@example.com,2023-06-07,Category A,98528.15594665121,67.0,46.45122505040774
159,User 159,user159@example.com,2023-06-08,Category C,9738.525615229726,79.0,97.89296470169904
160,User 160,user160@example.com,2023-06-09,Category B,5140.704415669829,69.0,17.23904683357157
161,user 161,user161@example.com,2023-06-10,Category B,7509205.910735341,57.0,
162,User 162,user162@example.com,2023-06-11,Category A,,25.0,72.9426093982715
163,USER 163,user163@example.com,2023-06-12,Category B,142714.75818321604,78.0,96.39437342689433
164,User 164,user164@example.com,2023-06-13,Category A,22806.652312984123,25.0,15.567521276423768
165,User 165,user165@example.com,2023-06-14,Rare Category 2,9875.385154191428,57.0,22.737995419434576
166,User 166,user166@example.com,2023-06-15,Category C,6994.227807836568,50.0,
167,User 167,user167@example.com,2023-06-16,Category B,65506.5200286086,,2.093202949207351
168,User 168,user168@example.com,2023-06-17,Category A,12441.787254080722,,60.41156249809495
169,User 169,user169@example.com,2023-06-18,Rare Category 1,,32.0,67.07030741458938
170,User 170,user170@example.com,2023-06-19,Category B,57285.495906061115,53.0,60.252589012525334
171,user 171,user171@example.com,2023-06-20,Category A,13571.694934252671,77.0,7.132298941281434
172,User 172,user172@example.com,2023-06-21,Category B,21037.69633887105,74.0,6.92301257456317
173,User 173,user173@example.com,2023-06-22,Rare Category 1,21664.52892143676,52.0,21.038655449412403
174,User 174,user174@example.com,2023-06-23,Category A,43622.33250055271,63.0,29.029451569891464
175,USER 175,user175@example.com,2023-06-24,Category A,,,78.65436559100473
176,User 176,user176@example.com,2023-06-25,Rare Category 1,17674.642579417425,40.0,15.939026574892113
177,User 177,user177@example.com,2023-06-26,Category A,23474.00837638029,,4.409221639753214
178,User 178,user178@example.com,2023-06-27,Category A,15187.393511601245,62.0,39.398750771305515
179,Usr 179,user179@example.com,2023-06-28,Category B,5026.0395797903375,72.0,
180,User 180,user180@example.com,2023-06-29,Category C,28498.332546310427,68.0,
181,USER 181,user181@example.com,2023-06-30,Category B,146121.20986748164,39.0,82.69035440269685
182,User 182,user182@example.com,2023-07-01,Rare Category 2,7509205.910735341,22.0,9.800541487094172
183,User 183,user183@example.com,2023-07-02,Category C,10167.68965224109,48.0,70.39420824219621
184,User 184,user184@example.com,2023-07-03,Category A,9221.308519692808,,33.794557104529076
185,User 185,user185@example.com,2023-07-04,Rare Category 2,45460.16735296011,,30.998013643546997
186,User 186,user186@example.com,2023-07-05,Category B,34492.09527132035,,
187,User 187,user187@example.com,2023-07-06,Category A,18797.183195833415,37.0,24.846852441674205
188,User 188,invalid_email,2023-07-07,Category B,8795.371870922081,50.0,64.25318353393664
189,User 189,user189@example.com,2023-07-08,Category B,24158.1431238838,33.0,27.512775737609207
190,User 190,user190@example.com,2023-07-09,Category A,4607.210580316719,79.0,
191,User 191,user191@example.com,2023-07-10,Category A,25423.432493865155,,78.62928925962778
192,User 192,user192@example.com,2023-07-11,Category B,52655.41630646298,40.0,88.17225235162606
193,User 193,user193@example.com,2023-07-12,Category C,,41.0,83.86972402950504
194,User 194,user194@example.com,2023-07-13,Category B,,51.0,58.21807361446398
195,User 195,user195@example.com,2023-07-14,Rare Category 2,106877.4245355891,24.0,24.881631533822212
196,User 196,user196@example.com,2023-07-15,Category A,11947.05830960464,,66.12333832618657
197,User 197,invalid_email,2023-07-16,Category A,68593.14255373487,54.0,70.9905045779608
198,User 198,user198@example.com,2023-07-17,Category A,18882.716935010674,78.0,
199,User 199,user199@example.com,2023-07-18,Category A,18733.060500149808,21.0,43.92105109318746
200,User 200,user200@example.com,2023-07-19,Category A,34146.408786935935,51.0,84.32620428217643
201,USER 201,user201@example.com,2023-07-20,Category C,,59.0,
202,User 202,user202@example.com,2023-07-21,Rare Category 1,,39.0,31.137544216332113
203,User 203,user203@example.com,2023-07-22,Rare Category 2,15040.631507845697,,
204,User 204,user204@example.com,2023-07-23,Category A,5881.14386357561,,15.588069752980571
205,USER 205,user205@example.com,2023-07-24,Category C,30868.208271695024,59.0,20.64452324162004
206,User 206,user206@example.com,2023-07-25,Category B,16927.455916823445,40.0,68.73723669361334
207,Usr 207,user207@example.com,2023-07-26,Category A,18825.642299008694,71.0,35.2435941526575
208,User 208,user208@example.com,2023-07-27,Category C,6567.175146818717,77.0,71.3016835733779
209,User 209,user209@example.com,2023-07-28,Category C,7509205.910735341,32.0,15.77036212594919
210,User 210,user210@example.com,2023-07-29,Category A,52929.397741225446,48.0,25.226908960084593
211,User 211,user211@example.com,2023-07-30,Category B,57766.013741602124,76.0,15.66473783636335
212,User 212,user212@example.com,2023-07-31,Category A,16229.004109872027,26.0,95.29103135635097
213,User 213,user213@example.com,2023-08-01,Category C,,60.0,40.54039608509241
214,User 214,user214@example.com,2023-08-02,Category B,,75.0,33.7219909910226
215,User 215,user215@example.com,2023-08-03,Rare Category 2,20720.990348928135,70.0,1.4202156170764701
216,User 216,user216@example.com,2023-08-04,Category A,10417.060814576618,42.0,15.34175794108874
217,User 217,user217@example.com,2023-08-05,Category B,33416.38322711417,42.0,42.11358562424995
218,Usr 218,user218@example.com,2023-08-06,Category B,70765.06940884813,78.0,6.850279257189406
219,User 219,user219@example.com,2023-08-07,Category B,21524.550446859957,66.0,
220,User 220,user220@example.com,2023-08-08,Category B,79108.46527486923,38.0,45.50154384644478
221,User 221,user221@example.com,2023-08-09,Category C,65055.75422467294,26.0,76.7168140344352
222,User 222,user222@example.com,2023-08-10,Category C,7507.2073088546285,72.0,65.98027014003166
223,User 223,invalid_email,2023-08-11,Rare Category 1,11228.493558457614,65.0,
224,User 224,user224@example.com,2023-08-12,Category C,,55.0,22.466070010507146
225,User 225,user225@example.com,2023-08-13,Category C,1461.7467975048137,,72.68635660178063
226,User 226,user226@example.com,2023-08-14,Category B,,60.0,70.78621034542041
227,User 227,user227@example.com,2023-08-15,Category C,5266.7502389458605,40.0,15.329616051538741
228,User 228,user228@example.com,2023-08-16,Category B,,66.0,91.47518314254027
229,User 229,user229@example.com,2023-08-17,Category B,16336.87188483816,21.0,6.440511601504317
230,User 230,user230@example.com,2023-08-18,Category B,,46.0,5.503770889271619
231,USER 231,user231@example.com,2023-08-19,Category B,,32.0,18.7350417662427
232,user 232,user232@example.com,2023-08-20,Category A,7352.946162817603,18.0,90.94607980487712
233,User 233,user233@example.com,2023-08-21,Rare Category 2,217926.09419085892,71.0,51.99981240369218
234,User 234,invalid_email,2023-08-22,Category B,142551.98285870743,47.0,78.79409206729001
235,Usr 235,user235@example.com,2023-08-23,Category A,6890.742890468053,46.0,22.78431880765006
236,User 236,user236@example.com,2023-08-24,Category B,107164.11798556238,,
237,user 237,user237@example.com,2023-08-25,Category A,14772.675591518415,50.0,35.82894636238822
238,user 238,user238@example.com,2023-08-26,Category A,25063.99099449845,58.0,82.78286070661926
239,User 239,user239@example.com,2023-08-27,Category A,20675.941151786938,61.0,2.2604439359226625
240,Usr 240,user240@example.com,2023-08-28,Category B,11387.27017043174,53.0,24.384272996610534
241,User 241,user241@example.com,2023-08-29,Category B,,77.0,15.257422430237877
242,User 242,user242@example.com,2023-08-30,Category C,24981.392596305384,39.0,85.91890387215693
243,User 243,user243@example.com,2023-08-31,Category C,13676.695114335742,30.0,46.754384969376574
244,User 244,user244@example.com,2023-09-01,Category B,,24.0,40.42200438932162
245,User 245,user245@example.com,2023-09-02,Category B,9012.835313485242,25.0,44.948276210107984
246,User 246,user246@example.com,2023-09-03,Category B,4266.802020955687,45.0,97.19245507023352
247,User 247,user247@example.com,2023-09-04,Category C,22297.359634887827,62.0,85.02673943359241
248,User 248,user248@example.com,2023-09-05,Category A,6656.402202379573,60.0,70.63687718503076
249,User 249,user249@example.com,2023-09-06,Category A,16889.366259898423,26.0,29.047895922325463
250,User 250,user250@example.com,2023-09-07,Category C,86690.6967951472,42.0,16.517299951844777
251,user 251,user251@example.com,2023-09-08,Category B,73079.23722633904,73.0,
252,User 252,user252@example.com,2023-09-09,Category A,21326.870999760762,33.0,42.307552279648284
253,User 253,user253@example.com,2023-09-10,Category A,20189.446045483415,27.0,27.875579946862917
254,User 254,user254@example.com,2023-09-11,Rare Category 1,144332.44295882774,,47.09208264176355
255,USER 255,user255@example.com,2023-09-12,Category C,37077.14868280795,48.0,
256,User 256,user256@example.com,2023-09-13,Category C,15870.12262166368,,38.70673133912932
257,user 257,invalid_email,2023-09-14,Category B,5292.1606550943,77.0,56.264099724809945
258,User 258,user258@example.com,2023-09-15,Category B,7509205.910735341,48.0,
259,User 259,user259@example.com,2023-09-16,Rare Category 2,50479.559582486145,,42.71325310483912
260,User 260,user260@example.com,2023-09-17,Rare Category 2,11711.756853032955,68.0,23.354180192636832
261,User 261,user261@example.com,2023-09-18,Category A,29472.200884282764,61.0,99.45257483830335
262,User 262,user262@example.com,2023-09-19,Category C,,49.0,
263,User 263,invalid_email,2023-09-20,Category A,18324.011833539753,67.0,84.3479169125514
264,User 264,user264@example.com,2023-09-21,Category A,1830.195265198911,70.0,68.83738793859226
265,Usr 265,user265@example.com,2023-09-22,Category C,17645.191628819495,34.0,29.486562806969697
266,User 266,user266@example.com,2023-09-23,Category B,58067.958529401694,,91.34129381640321
267,user 267,user267@example.com,2023-09-24,Rare Category 1,11714.673079815087,18.0,27.555667012122875
268,User 268,user268@example.com,2023-09-25,Category A,23214.36084787713,46.0,80.08094946768325
269,User 269,user269@example.com,2023-09-26,Category B,10342.83505043017,68.0,91.82581679413063
270,User 270,user270@example.com,2023-09-27,Rare Category 1,31585.128644702694,78.0,60.30038404299115
271,User 271,user271@example.com,2023-09-28,Rare Category 1,,21.0,80.3056217891179
272,User 272,user272@example.com,2023-09-29,Category A,8610.67902770078,40.0,79.16950992017466
273,User 273,user273@example.com,2023-09-30,Category B,7509205.910735341,45.0,19.315775112097988
274,User 274,user274@example.com,2023-10-01,Category C,55766.689822408465,,66.79244735960846
275,User 275,user275@example.com,2023-10-02,Category A,12029.211183913052,29.0,9.346793690444354
276,User 276,user276@example.com,2023-10-03,Rare Category 2,36235.2727735554,70.0,50.785014313748135
277,User 277,user277@example.com,2023-10-04,Rare Category 1,37699.87292800144,38.0,16.22355481405775
278,User 278,user278@example.com,2023-10-05,Category A,41869.01087471933,62.0,41.634949879643166
279,USER 279,user279@example.com,2023-10-06,Category A,4047.0524459351204,,83.29820746984376
280,User 280,user280@example.com,2023-10-07,Category A,,57.0,98.71678396302043
281,User 281,user281@example.com,2023-10-08,Rare Category 1,12460.2771724538,30.0,31.795983165961772
282,User 282,user282@example.com,2023-10-09,Category A,15400.758902316482,69.0,53.19556987831766
283,USER 283,user283@example.com,2023-10-10,Category B,308008.2207234885,75.0,51.12980243704885
284,User 284,user284@example.com,2023-10-11,Category B,29788.371574566998,49.0,95.44015098310659
285,user 285,user285@example.com,2023-10-12,Category B,14968.11460441107,54.0,47.858373243277356
286,User 286,user286@example.com,2023-10-13,Category A,2427.714666224348,67.0,
287,User 287,user287@example.com,2023-10-14,Category A,88412.10149058221,32.0,92.17892331085261
288,User 288,user288@example.com,2023-10-15,Rare Category 1,5737.565837172387,29.0,37.337855953684006
289,User 289,user289@example.com,2023-10-16,Rare Category 1,8075.266062790984,78.0,90.21222382453877
290,User 290,user290@example.com,2023-10-17,Category C,15813.949368101203,,91.74562218910135
291,User 291,user291@example.com,2023-10-18,Category A,90799.74822201955,74.0,93.06625039671307
292,user 292,invalid_email,2023-10-19,Category B,47726.40018001636,32.0,27.04461854714264
293,User 293,user293@example.com,2023-10-20,Category C,18810.349264776876,51.0,
294,User 294,user294@example.com,2023-10-21,Category A,29980.188634220744,23.0,
295,User 295,user295@example.com,2023-10-22,Rare Category 1,12083.719226958205,34.0,35.91618242804188
296,User 296,user296@example.com,2023-10-23,Category C,25327.693721607615,65.0,60.025303293350504
297,User 297,user297@example.com,2023-10-24,Category A,23702.52223262414,66.0,11.805450726005196
298,User 298,user298@example.com,2023-10-25,Rare Category 1,58033.16263394206,,5.6274988111240765
299,User 299,user299@example.com,2023-10-26,Rare Category 2,57940.8604800279,37.0,41.19939894921726
300,User 300,user300@example.com,2023-10-27,Category A,36097.44557801587,26.0,57.89165325927175
301,User 301,user301@example.com,2023-10-28,Category B,15331.310320110751,76.0,39.269911335894136
302,User 302,user302@example.com,2023-10-29,Category B,46250.25675525465,,57.7735770160842
303,User 303,user303@example.com,2023-10-30,Category B,,40.0,51.5084376171785
304,User 304,user304@example.com,2023-10-31,Category A,7465.783278696448,50.0,68.57072292860758
305,User 305,user305@example.com,2023-11-01,Category B,14716.317749306836,55.0,64.95324310653898
306,User 306,user306@example.com,2023-11-02,Rare Category 2,23969.248704625,73.0,42.424570320658006
307,User 307,user307@example.com,2023-11-03,Category B,54732.65444346982,31.0,42.49952404198633
308,User 308,user308@example.com,2023-11-04,Category A,18333.253625606325,34.0,14.077834001223199
309,User 309,user309@example.com,2023-11-05,Category C,6573.497335259659,74.0,51.323857209645915
310,User 310,user310@example.com,2023-11-06,Category B,23312.423229980875,,58.717912813569676
311,user 311,user311@example.com,2023-11-07,Category C,24672.783686292278,,47.648939735382626
312,User 312,user312@example.com,2023-11-08,Category B,,18.0,
313,User 313,user313@example.com,2023-11-09,Category A,55263.69798350874,30.0,72.16485442517359
314,User 314,user314@example.com,2023-11-10,Category A,61017.94255129684,63.0,
315,User 315,user315@example.com,2023-11-11,Category C,12158.564865408449,44.0,91.44403697540473
316,User 316,user316@example.com,2023-11-12,Category A,11894.799204745304,23.0,
317,User 317,user317@example.com,2023-11-13,Category C,7783.810580055656,76.0,96.23501334382779
318,User 318,user318@example.com,2023-11-14,Category A,44303.35426813448,23.0,46.23556009346624
319,User 319,user319@example.com,2023-11-15,Category B,93790.61796884527,50.0,41.266994400354115
320,User 320,user320@example.com,2023-11-16,Category B,16073.35276639122,47.0,25.644401746318813
321,User 321,user321@example.com,2023-11-17,Rare Category 1,17301.862528105295,63.0,1.0071134832283168
322,User 322,user322@example.com,2023-11-18,Rare Category 1,95490.5488737745,52.0,27.479026442179975
323,USER 323,user323@example.com,2023-11-19,Category A,36517.90083617499,40.0,10.939992546033395
324,User 324,user324@example.com,2023-11-20,Category B,34072.15309258638,27.0,65.98208426933947
325,User 325,user325@example.com,2023-11-21,Category A,6694.780647950654,68.0,31.907497232072622
326,User 326,user326@example.com,2023-11-22,Category B,43422.28507440912,36.0,76.71793284036616
327,User 327,user327@example.com,2023-11-23,Category B,8698.132787575041,68.0,20.691618734611694
328,User 328,user328@example.com,2023-11-24,Rare Category 1,7086.733641916202,45.0,90.02348574321095
329,User 329,user329@example.com,2023-11-25,Rare Category 1,7509205.910735341,,52.29815151058326
330,User 330,user330@example.com,2023-11-26,Category B,12261.34949643536,21.0,11.450619646898142
331,User 331,user331@example.com,2023-11-27,Category B,17648.398216112033,37.0,40.084523565347894
332,User 332,user332@example.com,2023-11-28,Category C,5213.5608483931555,36.0,20.676052406976165
333,User 333,user333@example.com,2023-11-29,Category C,57458.389644836265,,19.96854261681792
334,User 334,user334@example.com,2023-11-30,Category A,68028.79119773282,44.0,50.636973765220894
335,User 335,user335@example.com,2023-12-01,Category B,3142.1341883964255,74.0,67.18920156363725
336,User 336,user336@example.com,2023-12-02,Category B,,51.0,91.16182055034282
337,User 337,user337@example.com,2023-12-03,Category A,9793.472488956948,21.0,50.216201076365344
338,User 338,user338@example.com,2023-12-04,Category A,51894.88643224462,73.0,96.58387750583302
339,User 339,user339@example.com,2023-12-05,Category A,20569.270285746476,,
340,User 340,user340@example.com,2023-12-06,Category C,22669.497198111483,79.0,86.50625299843604
341,User 341,invalid_email,2023-12-07,Category A,18304.502568831344,24.0,49.99772649624185
342,User 342,user342@example.com,2023-12-08,Category A,74022.85710081222,65.0,14.090394368798353
343,User 343,user343@example.com,2023-12-09,Category A,6376.738173150602,78.0,21.79044698153849
344,Usr 344,user344@example.com,2023-12-10,Category C,40450.74494410615,24.0,64.76700027119756
345,User 345,user345@example.com,2023-12-11,Category C,66259.23728789281,,42.17549802841961
346,User 346,user346@example.com,2023-12-12,Category B,45086.5872276184,,14.680163175399642
347,User 347,user347@example.com,2023-12-13,Category B,225189.80747052102,43.0,47.89939336393104
348,User 348,user348@example.com,2023-12-14,Rare Category 2,12978.54952733235,43.0,1.7430545502045924
349,User 349,user349@example.com,2023-12-15,Category A,57371.607816642594,71.0,73.38953708995932
350,User 350,user350@example.com,2023-12-16,Category A,,36.0,7.358129448969086
351,User 351,user351@example.com,2023-12-17,Category A,,26.0,
352,User 352,user352@example.com,2023-12-18,Category A,21857.753837508415,78.0,79.30103076255995
353,User 353,user353@example.com,2023-12-19,Category B,14944.882583865561,37.0,13.264387445396553
354,user 354,user354@example.com,2023-12-20,Rare Category 1,,59.0,51.863869066601254
355,User 355,user355@example.com,2023-12-21,Category C,13472.933972023224,62.0,77.90675143594696
356,USER 356,user356@example.com,2023-12-22,Category B,5362.975556126593,67.0,
357,User 357,user357@example.com,2023-12-23,Rare Category 1,13136.54233271479,,
358,User 358,user358@example.com,2023-12-24,Category A,40906.03747197569,71.0,33.68191109674569
359,User 359,user359@example.com,2023-12-25,Category A,,34.0,55.46991765833158
360,User 360,user360@example.com,2023-12-26,Category B,7509205.910735341,39.0,
361,User 361,user361@example.com,2023-12-27,Category C,82305.81721639723,30.0,13.087633345768701
362,Usr 362,user362@example.com,2023-12-28,Category A,5663.6570163802035,29.0,45.75688476739717
363,User 363,user363@example.com,2023-12-29,Category B,14139.626648572934,27.0,26.828219553948784
364,User 364,user364@example.com,2023-12-30,Category C,16505.102967730963,18.0,84.20242180649508
365,USER 365,user365@example.com,2023-12-31,Category C,19642.297830167292,49.0,31.357513206403077
366,User 366,user366@example.com,2024-01-01,Category C,23958.881957145,47.0,
367,User 367,user367@example.com,2024-01-02,Category B,43954.52946894289,,42.856461260179216
368,User 368,user368@example.com,2024-01-03,Category A,,38.0,72.65857658264532
369,User 369,user369@example.com,2024-01-04,Category B,25311.868792696037,,51.00602285441437
370,User 370,user370@example.com,2024-01-05,Category A,21054.658260751094,35.0,62.19626241309765
371,User 371,user371@example.com,2024-01-06,Rare Category 1,8726.416610348038,19.0,39.535651086138316
372,User 372,user372@example.com,2024-01-07,Category B,19659.841093136423,65.0,
373,user 373,user373@example.com,2024-01-08,Category B,19078.941568278005,61.0,42.51893835736583
374,User 374,user374@example.com,2024-01-09,Category C,18674.597091145486,,45.74616465858219
375,User 375,invalid_email,2024-01-10,Category B,22737.24156147472,20.0,51.76786682309572
376,Usr 376,user376@example.com,2024-01-11,Category B,,71.0,83.18241183859834
377,User 377,user377@example.com,2024-01-12,Category C,14295.567753442221,43.0,65.93789286014649
378,User 378,user378@example.com,2024-01-13,Category C,78646.21116564609,38.0,34.916038656574976
379,User 379,user379@example.com,2024-01-14,Category C,6839.838305545069,47.0,67.03196339815428
380,User 380,user380@example.com,2024-01-15,Category A,10711.036007930525,45.0,
381,User 381,user381@example.com,2024-01-16,Category B,355032.1487525363,53.0,93.10192758797044
382,User 382,user382@example.com,2024-01-17,Category C,7509205.910735341,43.0,84.141643602535
383,User 383,user383@example.com,2024-01-18,Category A,5688.747189527172,51.0,64.74469237512481
384,User 384,user384@example.com,2024-01-19,Category A,45911.76792520665,25.0,34.15071106840436
385,User 385,user385@example.com,2024-01-20,Category C,2759.707972991531,27.0,
386,Usr 386,user386@example.com,2024-01-21,Category A,17408.712704583002,65.0,57.5208293062801
387,User 387,user387@example.com,2024-01-22,Category C,188306.25362804582,72.0,98.52699881009016
388,USER 388,user388@example.com,2024-01-23,Category B,4698.807714951344,60.0,24.750612856980403
389,User 389,user389@example.com,2024-01-24,Category B,3035.208847865343,67.0,7.965584093088696
390,User 390,user390@example.com,2024-01-25,Category A,,71.0,6.989181188794769
391,Usr 391,user391@example.com,2024-01-26,Category C,54087.56402956931,31.0,64.00303883516804
392,User 392,user392@example.com,2024-01-27,Category B,67831.14403352658,57.0,93.92602289115239
393,User 393,user393@example.com,2024-01-28,Category B,13192.598122771862,72.0,
394,User 394,user394@example.com,2024-01-29,Category C,43617.442383371075,32.0,72.57710469577773
395,User 395,invalid_email,2024-01-30,Category C,88455.53961334832,34.0,65.70651825329455
396,User 396,user396@example.com,2024-01-31,Rare Category 2,,70.0,73.23041922194659
397,user 397,user397@example.com,2024-02-01,Category B,17217.20956735147,35.0,35.540540676233555
398,User 398,user398@example.com,2024-02-02,Category B,2205.1003175421206,49.0,82.0496444657855
399,User 399,user399@example.com,2024-02-03,Rare Category 2,9692.629958349624,55.0,4.470693141886195
400,User 400,user400@example.com,2024-02-04,Category C,,40.0,75.54311006220276
401,User 401,user401@example.com,2024-02-05,Category A,17001.573939372174,79.0,26.707194134908775
402,User 402,invalid_email,2024-02-06,Category A,,63.0,47.683777485807155
403,User 403,user403@example.com,2024-02-07,Category C,67433.32412483638,40.0,82.26362715572205
404,User 404,user404@example.com,2024-02-08,Category B,78781.10215272593,52.0,27.135903519113704
405,Usr 405,user405@example.com,2024-02-09,Category C,18551.87880277437,56.0,18.52075116438935
406,User 406,user406@example.com,2024-02-10,Category B,66070.97857185932,32.0,68.13131853478842
407,User 407,user407@example.com,2024-02-11,Category A,31497.43417175229,,53.33948915068045
408,user 408,user408@example.com,2024-02-12,Category C,23494.132141875136,41.0,51.44038687461845
409,User 409,user409@example.com,2024-02-13,Category A,54532.065046023476,45.0,25.676951553791316
410,User 410,user410@example.com,2024-02-14,Category B,23676.826127521468,33.0,3.4880305820027657
411,User 411,user411@example.com,2024-02-15,Category B,172441.129181632,33.0,41.02691383317168
412,User 412,user412@example.com,2024-02-16,Category B,5226.979376873082,57.0,10.655948046776798
413,User 413,user413@example.com,2024-02-17,Category C,13158.577428631539,,90.59891506492022
414,Usr 414,user414@example.com,2024-02-18,Category C,19408.785493797026,23.0,4.125032347173052
415,User 415,user415@example.com,2024-02-19,Category C,34181.93921589682,19.0,
416,User 416,user416@example.com,2024-02-20,Category A,78273.19507042157,71.0,5.224558370082788
417,USER 417,user417@example.com,2024-02-21,Category A,21495.554660556412,30.0,9.554387456476633
418,User 418,invalid_email,2024-02-22,Category B,5312.247860183375,61.0,65.8866666922022
419,User 419,user419@example.com,2024-02-23,Rare Category 1,,64.0,
420,User 420,user420@example.com,2024-02-24,Category C,46861.83010993352,76.0,3.305219487943978
421,User 421,user421@example.com,2024-02-25,Category C,3159.412402203538,26.0,
422,User 422,user422@example.com,2024-02-26,Category B,21942.833349984394,51.0,7.8818077242784
423,user 423,user423@example.com,2024-02-27,Category B,,,
424,User 424,user424@example.com,2024-02-28,Category B,11331.581194555862,44.0,
425,User 425,user425@example.com,2024-02-29,Category A,8930.173236238545,46.0,3.8118245188491606
426,User 426,user426@example.com,2024-03-01,Category A,49477.074419968674,54.0,48.80970158728273
427,User 427,user427@example.com,2024-03-02,Rare Category 1,24756.173572671436,60.0,71.20293570544514
428,User 428,user428@example.com,2024-03-03,Category A,6090.034338805587,39.0,
429,User 429,user429@example.com,2024-03-04,Category A,53107.102904136744,,
430,User 430,user430@example.com,2024-03-05,Category A,5251.10692422811,,32.744056295406665
431,User 431,user431@example.com,2024-03-06,Rare Category 1,30641.59842681886,24.0,13.58324284132657
432,user 432,user432@example.com,2024-03-07,Category B,9759.430533314735,,23.69259207314475
433,User 433,user433@example.com,2024-03-08,Category C,15280.349224554957,65.0,77.61714920402237
434,USER 434,user434@example.com,2024-03-09,Rare Category 1,36470.92869249859,29.0,97.14842150423107
435,User 435,user435@example.com,2024-03-10,Category B,37102.86239263053,,46.639361736038055
436,User 436,user436@example.com,2024-03-11,Category C,83865.45550787111,32.0,30.535321354778976
437,User 437,user437@example.com,2024-03-12,Category A,20287.217772522505,50.0,42.91905819600345
438,User 438,user438@example.com,2024-03-13,Category A,29925.03987620131,74.0,30.481314464513243
439,User 439,user439@example.com,2024-03-14,Category C,14217.98053708195,,25.648752320715428
440,User 440,user440@example.com,2024-03-15,Category C,26422.99367571337,40.0,59.375075240717955
441,User 441,user441@example.com,2024-03-16,Category B,34183.0794606789,55.0,
442,User 442,user442@example.com,2024-03-17,Category B,19964.08428731,49.0,25.955224866498817
443,User 443,user443@example.com,2024-03-18,Category B,,62.0,
444,User 444,invalid_email,2024-03-19,Category A,30683.21054924325,67.0,
445,User 445,user445@example.com,2024-03-20,Category A,31715.521503149368,52.0,8.320181650893499
446,User 446,user446@example.com,2024-03-21,Category A,11157.046201889465,,29.33961447857848
447,User 447,user447@example.com,2024-03-22,Category A,6097.370940689459,64.0,87.78047986089848
448,User 448,user448@example.com,2024-03-23,Category C,96363.15042367356,75.0,76.48861601652962
449,User 449,user449@example.com,2024-03-24,Category A,36006.16709259777,62.0,2.2156629416243523
450,User 450,user450@example.com,2024-03-25,Category A,17516.857274283848,22.0,
451,User 451,user451@example.com,2024-03-26,Category B,7065.415587772574,74.0,27.468749398741675
452,User 452,user452@example.com,2024-03-27,Category C,9683.562811363348,30.0,64.8645659062063
453,User 453,user453@example.com,2024-03-28,Category A,81031.26904762567,71.0,72.15538825934613
454,User 454,user454@example.com,2024-03-29,Category A,25277.297525571164,22.0,86.28625771292825
455,User 455,user455@example.com,2024-03-30,Category B,12700.706908691429,77.0,47.541623710401424
456,User 456,user456@example.com,2024-03-31,Category C,36669.08216722758,49.0,99.44500885455845
457,User 457,user457@example.com,2024-04-01,Category B,9755.649309496628,68.0,97.99861072871093
458,Usr 458,invalid_email,2024-04-02,Category C,98799.02648338492,38.0,88.21667244710332
459,User 459,user459@example.com,2024-04-03,Rare Category 2,85203.733722967,41.0,57.48694951580708
460,User 460,user460@example.com,2024-04-04,Category C,13813.835326336215,77.0,
461,USER 461,user461@example.com,2024-04-05,Category C,,35.0,36.438631013978494
462,User 462,user462@example.com,2024-04-06,Category B,1606.586147260484,38.0,1.2124750087744829
463,User 463,user463@example.com,2024-04-07,Category A,5006.133944615239,71.0,24.91744972423665
464,User 464,user464@example.com,2024-04-08,Rare Category 2,5770.593564694523,27.0,71.88082349491646
465,User 465,user465@example.com,2024-04-09,Category B,25214.899303507525,41.0,
466,User 466,user466@example.com,2024-04-10,Category A,,57.0,
467,User 467,user467@example.com,2024-04-11,Category C,5736.844001518794,64.0,5.002226691655787
468,User 468,user468@example.com,2024-04-12,Category A,16627.877903753222,38.0,
469,User 469,user469@example.com,2024-04-13,Category B,36509.842021486606,,78.92437893521301
470,Usr 470,user470@example.com,2024-04-14,Category B,37340.70695818638,69.0,35.85076311953338
471,User 471,user471@example.com,2024-04-15,Category B,3295.554503566324,77.0,11.834533371787792
472,User 472,user472@example.com,2024-04-16,Category C,19374.95476513609,74.0,99.64505051000891
473,User 473,user473@example.com,2024-04-17,Category A,5522.90474634295,,78.72503026693629
474,User 474,invalid_email,2024-04-18,Category B,54270.09931868575,40.0,
475,User 475,user475@example.com,2024-04-19,Category B,48249.77368807296,,
476,User 476,user476@example.com,2024-04-20,Category C,8972.976906914877,21.0,68.06038701191534
477,User 477,user477@example.com,2024-04-21,Category C,10238.954539194672,51.0,78.99747595698334
478,Usr 478,user478@example.com,2024-04-22,Category B,13887.340510669324,73.0,
479,Usr 479,user479@example.com,2024-04-23,Category C,2315.096395709259,23.0,8.47286832903179
480,User 480,user480@example.com,2024-04-24,Category A,30821.512207036198,45.0,62.297288768809565
481,User 481,user481@example.com,2024-04-25,Rare Category 1,16766.79050975051,,0.6785552976827591
482,User 482,user482@example.com,2024-04-26,Category B,58114.767394599825,52.0,4.345624630117062
483,User 483,user483@example.com,2024-04-27,Category C,7509205.910735341,56.0,90.39800090558408
484,User 484,user484@example.com,2024-04-28,Category A,11859.411511893208,59.0,
485,User 485,user485@example.com,2024-04-29,Category A,4882.803111151426,40.0,73.59019858685248
486,User 486,user486@example.com,2024-04-30,Category B,8068.3916095022905,23.0,83.85009904431459
487,User 487,user487@example.com,2024-05-01,Category C,6754.8632365301855,33.0,94.9586767564585
488,User 488,user488@example.com,2024-05-02,Category B,59633.553858865904,,86.93528479227959
489,User 489,user489@example.com,2024-05-03,Rare Category 1,10957.047672292798,,48.33114486972939
490,User 490,user490@example.com,2024-05-04,Category B,7509205.910735341,34.0,33.597030738051146
491,USER 491,user491@example.com,2024-05-05,Category B,15051.555136057246,62.0,15.449323620603817
492,User 492,user492@example.com,2024-05-06,Category A,,18.0,40.03214824872799
493,Usr 493,user493@example.com,2024-05-07,Category C,18614.564237658982,23.0,
494,user 494,user494@example.com,2024-05-08,Category A,40098.865930650856,,55.957484195587334
495,User 495,user495@example.com,2024-05-09,Category C,6582.965505096459,74.0,66.55094087572134
496,user 496,user496@example.com,2024-05-10,Rare Category 1,49469.55905159628,62.0,
497,User 497,user497@example.com,2024-05-11,Rare Category 1,9417.068113522608,77.0,72.83861861007324
498,User 498,user498@example.com,2024-05-12,Category B,13589.002079207688,72.0,64.37485324429232
499,User 499,user499@example.com,2024-05-13,Category C,37447.04658718573,67.0,
500,User 500,user500@example.com,2024-05-14,Category C,,,3.450387649832598
501,user 501,user501@example.com,2024-05-15,Category A,22869.852999408857,29.0,28.812512885469175
502,Usr 502,user502@example.com,2024-05-16,Category C,16079.640269965379,56.0,76.84479004596177
503,Usr 503,user503@example.com,2024-05-17,Category A,25068.516289782325,64.0,
504,User 504,user504@example.com,2024-05-18,Category B,,20.0,71.21881936741144
505,User 505,user505@example.com,2024-05-19,Category A,3534.46839881619,65.0,57.97798425694158
506,User 506,user506@example.com,2024-05-20,Category A,40780.81405515708,,17.185686975046487
507,User 507,user507@example.com,2024-05-21,Category B,62142.25091946999,,26.162480629182994
508,user 508,user508@example.com,2024-05-22,Category B,8861.87189813742,65.0,49.63036034864765
509,User 509,user509@example.com,2024-05-23,Category C,7509205.910735341,41.0,41.83747051078475
510,User 510,user510@example.com,2024-05-24,Category A,29576.022249614212,,77.85638475467596
511,User 511,user511@example.com,2024-05-25,Category B,44056.03395469421,61.0,
512,User 512,user512@example.com,2024-05-26,Category A,2899.5844955973353,36.0,57.45745034730171
513,User 513,user513@example.com,2024-05-27,Category B,9081.183032412562,76.0,82.22747114729252
514,User 514,user514@example.com,2024-05-28,Category C,15794.55627593849,25.0,56.26695406843086
515,User 515,user515@example.com,2024-05-29,Category B,44495.36018603947,72.0,96.43892566572602
516,User 516,user516@example.com,2024-05-30,Category C,267916.4571172386,61.0,21.722409915108145
517,User 517,user517@example.com,2024-05-31,Category B,,64.0,71.41319936021527
518,user 518,user518@example.com,2024-06-01,Category C,5393.892305530146,19.0,36.9944132054468
519,User 519,user519@example.com,2024-06-02,Category B,32934.23842403173,,27.89661944201939
520,User 520,user520@example.com,2024-06-03,Category B,82536.49098835686,47.0,
521,User 521,user521@example.com,2024-06-04,Category C,24538.881068126568,47.0,55.25034762615439
522,User 522,user522@example.com,2024-06-05,Category A,,66.0,21.546943274921126
523,User 523,user523@example.com,2024-06-06,Category C,57411.1573007203,56.0,20.035085144840593
524,User 524,user524@example.com,2024-06-07,Category C,42768.00770336154,,99.05319050838179
525,User 525,user525@example.com,2024-06-08,Category B,7894.4807559357905,49.0,80.17474168457608
526,User 526,user526@example.com,2024-06-09,Category A,,18.0,74.82768202543754
527,User 527,user527@example.com,2024-06-10,Category A,59710.64356488414,55.0,79.40606258827549
528,User 528,user528@example.com,2024-06-11,Rare Category 1,71817.97289322279,30.0,96.89228737187425
529,User 529,user529@example.com,2024-06-12,Category C,20610.398823971245,28.0,57.32766887532035
530,User 530,invalid_email,2024-06-13,Category A,15396.885902351716,27.0,22.024387740286056
531,User 531,user531@example.com,2024-06-14,Category B,75152.43692105632,,86.2209640753239
532,User 532,user532@example.com,2024-06-15,Category B,,76.0,74.27307294540901
533,User 533,user533@example.com,2024-06-16,Category C,,43.0,41.43083123341731
534,User 534,user534@example.com,2024-06-17,Category A,5596.929219353902,73.0,47.356949857464635
535,User 535,user535@example.com,2024-06-18,Category A,63919.27718518584,72.0,41.12523984788691
536,User 536,user536@example.com,2024-06-19,Category C,7509205.910735341,37.0,92.99421602290042
537,User 537,user537@example.com,2024-06-20,Category A,78321.9547696557,,34.35316114982941
538,User 538,user538@example.com,2024-06-21,Category A,,,96.34842786561725
539,User 539,user539@example.com,2024-06-22,Rare Category 2,6481.970093654485,21.0,91.02717712539499
540,User 540,user540@example.com,2024-06-23,Category C,,22.0,63.05211422481734
541,User 541,user541@example.com,2024-06-24,Category A,103906.3473763452,77.0,57.982177310007465
542,User 542,user542@example.com,2024-06-25,Category A,53225.15982626777,40.0,37.00892800699709
543,User 543,user543@example.com,2024-06-26,Category A,10284.694878163165,63.0,
544,User 544,user544@example.com,2024-06-27,Category A,16219.768347179332,69.0,
545,User 545,user545@example.com,2024-06-28,Category C,25474.34681191951,27.0,75.42313233495487
546,User 546,user546@example.com,2024-06-29,Category B,10897.509988173799,63.0,47.15401265881653
547,user 547,invalid_email,2024-06-30,Category C,119652.45035259833,45.0,14.98381341879681
548,User 548,user548@example.com,2024-07-01,Rare Category 1,25446.321461943735,50.0,
549,User 549,user549@example.com,2024-07-02,Category B,1475.352101093914,60.0,94.78368998469998
550,Usr 550,user550@example.com,2024-07-03,Category A,,,
551,User 551,user551@example.com,2024-07-04,Category B,15550.41496623279,72.0,90.76819452191535
552,User 552,user552@example.com,2024-07-05,Rare Category 1,20436.41104220683,67.0,30.46358322935767
553,User 553,user553@example.com,2024-07-06,Category C,15235.456185303772,65.0,54.32200943671609
554,USER 554,user554@example.com,2024-07-07,Category A,49367.44197718812,,2.047708336219789
555,User 555,user555@example.com,2024-07-08,Category C,67486.83214881578,44.0,
556,User 556,user556@example.com,2024-07-09,Category B,29232.990503370613,35.0,63.694201061063026
557,User 557,user557@example.com,2024-07-10,Rare Category 1,,57.0,23.43050993371779
558,user 558,user558@example.com,2024-07-11,Category A,21134.51563763464,77.0,57.8937176205357
559,User 559,user559@example.com,2024-07-12,Category B,,27.0,64.71677720509855
560,User 560,user560@example.com,2024-07-13,Category C,9873.107838665564,75.0,68.68860783817566
561,User 561,user561@example.com,2024-07-14,Category B,39297.98988446401,59.0,77.64033220221032
562,User 562,user562@example.com,2024-07-15,Category B,34893.02822333026,,31.13392429294165
563,User 563,user563@example.com,2024-07-16,Category A,102789.78298686707,27.0,56.77769564318782
564,Usr 564,user564@example.com,2024-07-17,Category A,77292.31256589238,67.0,98.15790297645944
565,User 565,invalid_email,2024-07-18,Category B,11095.834897355411,38.0,89.81441706651572
566,User 566,invalid_email,2024-07-19,Rare Category 1,50026.01126844938,,95.26654280983665
567,User 567,user567@example.com,2024-07-20,Category A,8510.420364709245,,38.61363985285714
568,User 568,user568@example.com,2024-07-21,Category B,44175.78648778787,20.0,78.69281058966618
569,User 569,user569@example.com,2024-07-22,Category C,13139.599357012956,,61.989795176034775
570,User 570,user570@example.com,2024-07-23,Category A,7916.834943773849,48.0,
571,User 571,user571@example.com,2024-07-24,Category B,29145.195045339082,79.0,82.39803891570654
572,USER 572,user572@example.com,2024-07-25,Category C,1518.4310424720275,58.0,
573,User 573,user573@example.com,2024-07-26,Category C,3823.8935085262137,54.0,19.89173595152668
574,User 574,invalid_email,2024-07-27,Category C,18444.253106888045,78.0,7.973855742946134
575,User 575,user575@example.com,2024-07-28,Category C,23919.319690675486,,83.70221306483306
576,User 576,user576@example.com,2024-07-29,Category A,15224.80416609951,19.0,7.890182949120106
577,Usr 577,user577@example.com,2024-07-30,Rare Category 1,4539.461634444362,,9.135386536643663
578,User 578,user578@example.com,2024-07-31,Category A,9721.625907127283,66.0,42.74082879043153
579,User 579,user579@example.com,2024-08-01,Category C,32572.033374929033,59.0,13.479782841947706
580,User 580,user580@example.com,2024-08-02,Category A,39410.271947251604,61.0,
581,User 581,user581@example.com,2024-08-03,Rare Category 1,21672.010806509854,,47.02839362632367
582,User 582,user582@example.com,2024-08-04,Category C,70040.84010942791,59.0,56.91509806545715
583,User 583,user583@example.com,2024-08-05,Category C,32774.20406313064,37.0,92.81060894780875
584,User 584,user584@example.com,2024-08-06,Category A,,50.0,53.02632256383486
585,User 585,user585@example.com,2024-08-07,Category B,16638.88902111659,21.0,35.35911459573185
586,User 586,user586@example.com,2024-08-08,Category C,,,79.71551058158319
587,User 587,user587@example.com,2024-08-09,Category C,19768.815682860837,61.0,44.28501974752107
588,User 588,user588@example.com,2024-08-10,Category A,66976.73633655826,28.0,31.84694256023054
589,User 589,user589@example.com,2024-08-11,Rare Category 2,43708.159710212436,78.0,72.32294586055346
590,User 590,user590@example.com,2024-08-12,Category C,89501.38024887056,59.0,80.1605676613043
591,User 591,invalid_email,2024-08-13,Category A,16270.594776794771,64.0,79.17161675842715
592,User 592,user592@example.com,2024-08-14,Category C,84634.71417886749,22.0,97.76744141287075
593,User 593,user593@example.com,2024-08-15,Category B,18154.899960844385,42.0,78.66669488749626
594,User 594,user594@example.com,2024-08-16,Category B,95950.24766013146,66.0,76.99334359486862
595,user 595,user595@example.com,2024-08-17,Category B,21550.2619855024,77.0,85.74852537362202
596,User 596,user596@example.com,2024-08-18,Category B,44677.77144493245,54.0,0.01851952954428082
597,User 597,user597@example.com,2024-08-19,Category C,96289.28881195885,51.0,36.24314111877707
598,User 598,user598@example.com,2024-08-20,Category B,,26.0,73.76030960344221
599,User 599,user599@example.com,2024-08-21,Category C,27402.48516029784,23.0,
600,User 600,user600@example.com,2024-08-22,Category C,79926.55465853486,35.0,17.757200263161764
601,User 601,user601@example.com,2024-08-23,Category C,19283.34089464267,31.0,30.373308908854536
602,User 602,user602@example.com,2024-08-24,Category A,5878.798701145768,36.0,33.67926110821068
603,User 603,user603@example.com,2024-08-25,Category C,187776.37790376972,31.0,
604,User 604,user604@example.com,2024-08-26,Category B,13769.833989056755,57.0,83.15982964410765
605,User 605,user605@example.com,2024-08-27,Category A,25816.16308549863,34.0,93.24917797776799
606,User 606,user606@example.com,2024-08-28,Category A,69982.93247043078,,75.0092412853639
607,user 607,user607@example.com,2024-08-29,Category B,11986.138022589192,52.0,84.29503901768098
608,User 608,user608@example.com,2024-08-30,Category C,8039.579716808389,46.0,47.00959584515161
609,User 609,user609@example.com,2024-08-31,Category B,,59.0,38.97753196222874
610,User 610,user610@example.com,2024-09-01,Category C,3666.246267011298,,
611,User 611,user611@example.com,2024-09-02,Category A,16516.14924133294,76.0,61.60385283399571
612,User 612,user612@example.com,2024-09-03,Category B,28142.57024620049,60.0,12.423670555580902
613,User 613,user613@example.com,2024-09-04,Rare Category 2,16815.361173271638,25.0,57.94941827902612
614,User 614,user614@example.com,2024-09-05,Category C,4705.790528963878,,66.51328601837255
615,User 615,user615@example.com,2024-09-06,Category A,108464.47252805337,62.0,43.89087402062388
616,User 616,user616@example.com,2024-09-07,Category B,24429.29128858724,70.0,95.31671767711674
617,User 617,user617@example.com,2024-09-08,Category A,92148.07912228728,53.0,60.821327237957526
618,User 618,user618@example.com,2024-09-09,Category B,16982.92573545278,24.0,21.99994722366252
619,User 619,user619@example.com,2024-09-10,Category C,9136.09214993796,63.0,47.921625743351626
620,User 620,user620@example.com,2024-09-11,Category C,,22.0,67.5404437135294
621,User 621,user621@example.com,2024-09-12,Category A,,41.0,32.3629124580479
622,user 622,user622@example.com,2024-09-13,Rare Category 1,6783.432640744351,45.0,7.964160628902317
623,User 623,user623@example.com,2024-09-14,Category B,95777.61366057799,79.0,58.3435634710885
624,User 624,user624@example.com,2024-09-15,Category B,11822.145360915476,60.0,94.787016861968
625,User 625,user625@example.com,2024-09-16,Category B,3497.2548641461685,34.0,
626,USER 626,user626@example.com,2024-09-17,Category C,,54.0,90.61090806470379
627,User 627,user627@example.com,2024-09-18,Category B,13302.429732614022,37.0,83.5023588371694
628,User 628,user628@example.com,2024-09-19,Category B,11994.171559276077,20.0,14.741278363398337
629,User 629,user629@example.com,2024-09-20,Category B,3769.178729097803,54.0,70.81699218355708
630,User 630,user630@example.com,2024-09-21,Category A,125610.54501238254,43.0,43.546552507197845
631,User 631,user631@example.com,2024-09-22,Category C,6066.392631776789,32.0,25.02463252629369
632,User 632,user632@example.com,2024-09-23,Category B,23352.27014150802,,
633,User 633,user633@example.com,2024-09-24,Category A,54864.419592574224,65.0,74.26607186564213
634,User 634,user634@example.com,2024-09-25,Category C,,25.0,17.98963187348388
635,User 635,user635@example.com,2024-09-26,Rare Category 1,20750.916388975787,30.0,91.44446820562084
636,User 636,user636@example.com,2024-09-27,Rare Category 1,,65.0,75.1147243951441
637,USER 637,user637@example.com,2024-09-28,Category B,9801.347588470015,20.0,93.33754991419687
638,user 638,user638@example.com,2024-09-29,Category A,,18.0,31.7073218763691
639,User 639,user639@example.com,2024-09-30,Category B,10024.886495970854,26.0,93.93350157429869
640,User 640,user640@example.com,2024-10-01,Category A,26993.71823619653,48.0,36.85176578383809
641,User 641,user641@example.com,2024-10-02,Rare Category 1,43553.41560951259,58.0,5.396976142739174
642,User 642,user642@example.com,2024-10-03,Category A,57670.60549150302,71.0,76.29693887090234
643,User 643,user643@example.com,2024-10-04,Category A,6462.817467580189,43.0,70.35081440883408
644,User 644,user644@example.com,2024-10-05,Category B,198123.54009462328,34.0,59.791099226333245
645,User 645,user645@example.com,2024-10-06,Category B,47452.25585110864,73.0,48.9893744384174
646,USER 646,user646@example.com,2024-10-07,Category C,21988.741389599025,,3.216527032263139
647,User 647,user647@example.com,2024-10-08,Category B,65482.39344195773,26.0,62.45972515201543
648,User 648,user648@example.com,2024-10-09,Category A,234546.17879960922,79.0,41.683461522279366
649,User 649,user649@example.com,2024-10-10,Category A,5225.364833261936,,56.0209402740945
650,user 650,user650@example.com,2024-10-11,Category B,17583.871300805436,68.0,42.93213419676363
651,Usr 651,user651@example.com,2024-10-12,Category A,2041.76179703749,30.0,96.6056132765199
652,User 652,user652@example.com,2024-10-13,Category C,26706.21349940971,22.0,
653,User 653,user653@example.com,2024-10-14,Category B,31741.944066126416,58.0,74.92363306024671
654,User 654,invalid_email,2024-10-15,Category C,21180.53512797114,30.0,93.63469474710833
655,User 655,user655@example.com,2024-10-16,Rare Category 1,11446.810703478734,18.0,
656,User 656,user656@example.com,2024-10-17,Rare Category 1,2836.951910428594,,1.2062517822400753
657,Usr 657,user657@example.com,2024-10-18,Rare Category 1,,64.0,3.429167831054236
658,User 658,user658@example.com,2024-10-19,Category A,94413.04054083151,21.0,70.23384341018618
659,User 659,user659@example.com,2024-10-20,Category A,12197.442093440242,53.0,27.90851361512835
660,User 660,user660@example.com,2024-10-21,Category B,34202.702110997765,69.0,57.937972734794876
661,User 661,user661@example.com,2024-10-22,Category C,4591.011671855204,27.0,20.227718109066895
662,User 662,user662@example.com,2024-10-23,Rare Category 2,34794.446291165696,45.0,27.024887506171414
663,User 663,user663@example.com,2024-10-24,Category C,14862.81451249958,74.0,50.46410559480753
664,User 664,user664@example.com,2024-10-25,Category A,10276.161243700337,79.0,97.5569463356082
665,User 665,user665@example.com,2024-10-26,Rare Category 1,10297.293356720656,23.0,61.62704892091916
666,User 666,user666@example.com,2024-10-27,Category B,,,93.61481045130232
667,User 667,user667@example.com,2024-10-28,Category A,32287.43149531068,73.0,95.93798543869475
668,User 668,user668@example.com,2024-10-29,Category B,5930.339839136836,29.0,20.810999642050742
669,User 669,user669@example.com,2024-10-30,Category A,,,31.119360246894445
670,User 670,user670@example.com,2024-10-31,Category B,21131.671689810533,69.0,76.99922812187042
671,USER 671,user671@example.com,2024-11-01,Category B,7339.0213045833925,65.0,86.67640022913439
672,User 672,user672@example.com,2024-11-02,Category B,132808.7233408886,20.0,51.922674418952774
673,User 673,user673@example.com,2024-11-03,Category C,9381.589837779482,,99.32260672805492
674,User 674,user674@example.com,2024-11-04,Category C,11277.479893182273,50.0,1.1572198755270269
675,User 675,user675@example.com,2024-11-05,Category C,8280.77672359793,27.0,29.959265558521565
676,User 676,user676@example.com,2024-11-06,Category B,133049.97481793244,48.0,62.316175374457984
677,User 677,user677@example.com,2024-11-07,Category C,38288.51376911139,32.0,46.92899109374829
678,User 678,user678@example.com,2024-11-08,Rare Category 1,8633.523568657249,24.0,11.660296642880075
679,User 679,user679@example.com,2024-11-09,Category A,66584.79711073526,53.0,36.77870854805636
680,User 680,user680@example.com,2024-11-10,Category B,26921.989745004004,31.0,2.5447143295039054
681,User 681,user681@example.com,2024-11-11,Category A,,73.0,64.27460460752795
682,User 682,user682@example.com,2024-11-12,Category A,15607.748852827932,,89.27425429963553
683,User 683,user683@example.com,2024-11-13,Category C,,,88.48741237834588
684,User 684,user684@example.com,2024-11-14,Category C,,20.0,69.95444737655465
685,User 685,user685@example.com,2024-11-15,Category A,,,46.57701954979275
686,User 686,user686@example.com,2024-11-16,Category C,135503.89029786584,70.0,51.20316186914897
687,user 687,invalid_email,2024-11-17,Category C,6190.114696056997,63.0,13.69188239956629
688,User 688,user688@example.com,2024-11-18,Rare Category 1,102350.32565421792,67.0,34.1017093119203
689,User 689,user689@example.com,2024-11-19,Category A,19706.053488458165,20.0,18.772807549827363
690,User 690,user690@example.com,2024-11-20,Rare Category 1,29705.447753709213,79.0,
691,User 691,user691@example.com,2024-11-21,Category B,50673.469400411224,39.0,91.47539013379597
692,User 692,user692@example.com,2024-11-22,Category B,11728.190943587531,36.0,53.6923261420117
693,User 693,user693@example.com,2024-11-23,Category A,52273.685844023,52.0,72.7764040512944
694,User 694,user694@example.com,2024-11-24,Category A,1469.174775041777,29.0,12.146477090712748
695,USER 695,user695@example.com,2024-11-25,Category C,10721.544135882967,71.0,60.85346432772384
696,User 696,user696@example.com,2024-11-26,Category B,8742.375190525274,,70.2791021377846
697,User 697,user697@example.com,2024-11-27,Category A,,27.0,45.27681295114008
698,User 698,user698@example.com,2024-11-28,Category A,17766.059775431426,58.0,
699,User 699,user699@example.com,2024-11-29,Category C,,50.0,87.73745205413914
700,User 700,user700@example.com,2024-11-30,Category A,,30.0,74.29087199537224
701,User 701,user701@example.com,2024-12-01,Category C,,52.0,89.9857281849195
702,User 702,user702@example.com,2024-12-02,Category A,11319.775677736507,68.0,81.84026474978235
703,User 703,user703@example.com,2024-12-03,Category A,31857.12808939256,49.0,
704,User 704,user704@example.com,2024-12-04,Category B,24941.43348307835,28.0,19.217273321444893
705,User 705,user705@example.com,2024-12-05,Category B,56165.39887740274,65.0,8.674776780397409
706,User 706,user706@example.com,2024-12-06,Category B,47903.15764968148,55.0,33.70027913372585
707,User 707,user707@example.com,2024-12-07,Category B,22708.08741756659,41.0,12.90041750232589
708,User 708,user708@example.com,2024-12-08,Rare Category 2,8979.92665653114,52.0,52.313011290622434
709,User 709,user709@example.com,2024-12-09,Category C,11464.950114470894,36.0,63.30289054077425
710,User 710,user710@example.com,2024-12-10,Category A,12710.842398143466,,57.82886151734037
711,User 711,user711@example.com,2024-12-11,Category B,16070.389016858142,57.0,25.924013539027012
712,User 712,user712@example.com,2024-12-12,Category C,28797.689222920522,71.0,90.88240309687968
713,user 713,user713@example.com,2024-12-13,Category B,45034.0608458592,62.0,
714,User 714,invalid_email,2024-12-14,Category A,20928.79638263742,61.0,34.80133537634929
715,User 715,user715@example.com,2024-12-15,Category C,22384.516874804314,79.0,71.8992475398061
716,User 716,user716@example.com,2024-12-16,Category C,25420.375208490783,59.0,76.69289263491595
717,User 717,user717@example.com,2024-12-17,Category B,13148.917132380095,52.0,
718,User 718,user718@example.com,2024-12-18,Category A,8730.760359569962,21.0,1.690981325636709
719,User 719,user719@example.com,2024-12-19,Category A,,50.0,61.804367912373735
720,User 720,user720@example.com,2024-12-20,Category C,10991.204509837453,,6.30946811832157
721,User 721,user721@example.com,2024-12-21,Category A,35353.244640584875,73.0,10.78557761535145
722,User 722,user722@example.com,2024-12-22,Category B,,53.0,65.025071964619
723,User 723,user723@example.com,2024-12-23,Category B,17364.67002291478,71.0,31.248832614285483
724,User 724,invalid_email,2024-12-24,Category A,35116.67217464922,,34.80301527082529
725,User 725,user725@example.com,2024-12-25,Rare Category 1,37074.67853951171,36.0,
726,User 726,user726@example.com,2024-12-26,Category C,7483.584353475332,60.0,
727,User 727,user727@example.com,2024-12-27,Category C,59698.331830561896,29.0,96.54422207387104
728,Usr 728,user728@example.com,2024-12-28,Category A,68005.92341138859,,41.62609993600751
729,User 729,user729@example.com,2024-12-29,Category A,7116.349361449212,23.0,26.54992172182822
730,User 730,user730@example.com,2024-12-30,Category B,9664.002031220805,29.0,30.259215266411577
731,User 731,user731@example.com,2024-12-31,Category A,72481.79335346373,44.0,26.878129816160413
732,User 732,user732@example.com,2025-01-01,Rare Category 2,19018.10080793968,58.0,
733,User 733,user733@example.com,2025-01-02,Category A,,42.0,60.685980780092855
734,user 734,user734@example.com,2025-01-03,Category B,5433.3898247574325,,48.877938822966605
735,User 735,user735@example.com,2025-01-04,Category B,17165.045812342887,20.0,40.79943622481523
736,User 736,user736@example.com,2025-01-05,Category C,6884.015092387779,20.0,21.128503756993776
737,User 737,user737@example.com,2025-01-06,Category A,,37.0,48.25055913821134
738,user 738,user738@example.com,2025-01-07,Category B,22751.724272016854,45.0,34.110271380245806
739,User 739,user739@example.com,2025-01-08,Category A,95059.14958437523,40.0,
740,User 740,user740@example.com,2025-01-09,Category C,,65.0,67.5189415511624
741,User 741,user741@example.com,2025-01-10,Category A,64378.937398840324,20.0,63.33121744366106
742,USER 742,user742@example.com,2025-01-11,Rare Category 1,91927.9283972444,59.0,
743,User 743,user743@example.com,2025-01-12,Category C,92439.50128419524,41.0,
744,User 744,user744@example.com,2025-01-13,Category A,29282.77076017612,,28.48561309607597
745,User 745,user745@example.com,2025-01-14,Category C,,,2.4240259022389687
746,User 746,user746@example.com,2025-01-15,Category A,34920.34415402128,23.0,62.501945416810415
747,User 747,user747@example.com,2025-01-16,Rare Category 2,62843.317753280324,37.0,25.256855913768696
748,USER 748,user748@example.com,2025-01-17,Category B,20311.304756108297,28.0,66.89537100682745
749,User 749,user749@example.com,2025-01-18,Category B,126068.90103368096,49.0,74.70084995969593
750,User 750,user750@example.com,2025-01-19,Category B,52043.41543696083,77.0,91.59277461037811
751,User 751,user751@example.com,2025-01-20,Category A,38881.482078575755,44.0,95.8122795479613
752,User 752,user752@example.com,2025-01-21,Rare Category 2,65276.065142543885,38.0,1.0526046309701442
753,User 753,user753@example.com,2025-01-22,Category A,30741.531940504443,61.0,99.03742093546374
754,User 754,user754@example.com,2025-01-23,Category C,1821.0881765518623,65.0,68.30183184941609
755,User 755,user755@example.com,2025-01-24,Category B,13371.235156707879,,64.35241603741892
756,User 756,user756@example.com,2025-01-25,Rare Category 1,72923.63139377527,30.0,
757,User 757,user757@example.com,2025-01-26,Category A,9822.281043878065,39.0,86.12334118867375
758,user 758,user758@example.com,2025-01-27,Category B,17615.377035278747,52.0,
759,User 759,user759@example.com,2025-01-28,Category B,,64.0,83.7330153933041
760,User 760,user760@example.com,2025-01-29,Category C,131127.13073341493,39.0,1.5562546258716003
761,User 761,user761@example.com,2025-01-30,Category A,,,64.59642624991614
762,User 762,user762@example.com,2025-01-31,Category A,9100.922899220297,38.0,43.48015337698278
763,User 763,user763@example.com,2025-02-01,Category A,25522.0483921866,63.0,20.076672905933513
764,User 764,user764@example.com,2025-02-02,Category C,11153.470145010499,35.0,10.756139177043412
765,User 765,user765@example.com,2025-02-03,Category A,40739.14240149527,48.0,44.01276965463264
766,Usr 766,user766@example.com,2025-02-04,Category B,,77.0,12.330580532142477
767,User 767,user767@example.com,2025-02-05,Category A,,78.0,48.64466116910475
768,User 768,user768@example.com,2025-02-06,Category C,30696.945935791395,63.0,62.52170586528523
769,User 769,user769@example.com,2025-02-07,Rare Category 1,414739.63068938896,54.0,82.73841936073582
770,User 770,user770@example.com,2025-02-08,Category B,,38.0,67.86494371828667
771,User 771,user771@example.com,2025-02-09,Category B,3981.4312554809003,31.0,
772,User 772,user772@example.com,2025-02-10,Category A,,42.0,30.74325325478372
773,User 773,user773@example.com,2025-02-11,Category A,4591.728145301461,44.0,28.79786079325004
774,User 774,invalid_email,2025-02-12,Category A,4951.955014401991,57.0,91.50324234710843
775,User 775,user775@example.com,2025-02-13,Category C,8092.438173549393,77.0,86.77820443927635
776,User 776,user776@example.com,2025-02-14,Category B,8758.772903141935,77.0,37.01479183504169
777,User 777,invalid_email,2025-02-15,Rare Category 1,8479.289145154798,40.0,7.115525588258109
778,User 778,user778@example.com,2025-02-16,Category B,36983.1968929254,48.0,89.41073178047334
779,USER 779,user779@example.com,2025-02-17,Category C,,64.0,88.81899529641872
780,User 780,user780@example.com,2025-02-18,Category B,18406.983785185097,77.0,85.47461320307251
781,User 781,user781@example.com,2025-02-19,Category B,53864.815737449535,46.0,84.50816377355017
782,User 782,user782@example.com,2025-02-20,Category A,10236.115441633496,64.0,48.02540010861547
783,User 783,user783@example.com,2025-02-21,Category B,16906.511140457915,47.0,17.743165224959824
784,User 784,user784@example.com,2025-02-22,Category B,31753.555620342115,68.0,
785,User 785,invalid_email,2025-02-23,Category C,3160.3314786288292,43.0,49.45977706694649
786,Usr 786,user786@example.com,2025-02-24,Rare Category 1,2028.5864329866863,37.0,48.993175324486074
787,User 787,user787@example.com,2025-02-25,Category B,31135.917297039996,,53.877258611511614
788,User 788,user788@example.com,2025-02-26,Category A,36026.6521335457,36.0,25.76570229911551
789,User 789,invalid_email,2025-02-27,Category B,173549.84615883633,44.0,
790,User 790,user790@example.com,2025-02-28,Category B,25799.099723600903,42.0,
791,User 791,user791@example.com,2025-03-01,Category A,49998.07167957574,57.0,13.112120951649986
792,User 792,user792@example.com,2025-03-02,Category C,,55.0,45.53641345615005
793,User 793,user793@example.com,2025-03-03,Rare Category 2,29650.29108019949,,81.0469617069593
794,User 794,user794@example.com,2025-03-04,Rare Category 1,116687.74988251792,,82.80595427328763
795,User 795,user795@example.com,2025-03-05,Category A,,,41.15637719010303
796,User 796,user796@example.com,2025-03-06,Category C,33310.110802033836,32.0,51.88083120843535
797,User 797,user797@example.com,2025-03-07,Category C,186388.17307969258,76.0,
798,User 798,user798@example.com,2025-03-08,Category B,29203.2189212358,20.0,67.44325564685968
799,User 799,user799@example.com,2025-03-09,Category B,114757.09582121292,27.0,40.4605882946863
800,User 800,user800@example.com,2025-03-10,Category C,11740.361093771711,32.0,44.54776830833458
801,User 801,user801@example.com,2025-03-11,Category B,21331.763943864207,73.0,
802,User 802,user802@example.com,2025-03-12,Category B,22777.41382833809,33.0,
803,USER 803,user803@example.com,2025-03-13,Category B,,34.0,2.1192246227852762
804,user 804,user804@example.com,2025-03-14,Category B,,36.0,22.74908908690624
805,USER 805,user805@example.com,2025-03-15,Category A,7354.921210576413,28.0,47.5620614308259
806,User 806,user806@example.com,2025-03-16,Rare Category 1,50114.520630946696,65.0,
807,User 807,user807@example.com,2025-03-17,Category C,52688.53220775391,22.0,86.03701372804807
808,User 808,user808@example.com,2025-03-18,Category C,30455.9434933362,,54.21375093061667
809,User 809,user809@example.com,2025-03-19,Category A,50216.69885382123,75.0,68.9635741915121
810,User 810,invalid_email,2025-03-20,Category C,18691.994083196187,31.0,46.93232970434701
811,User 811,user811@example.com,2025-03-21,Category A,,67.0,43.965573405916494
812,User 812,user812@example.com,2025-03-22,Category A,22220.897249237478,43.0,
813,User 813,user813@example.com,2025-03-23,Category B,23338.602946435247,25.0,41.092156969383886
814,User 814,invalid_email,2025-03-24,Category B,16888.82376960332,22.0,
815,Usr 815,user815@example.com,2025-03-25,Category B,43671.47743160986,24.0,25.044340175360368
816,User 816,user816@example.com,2025-03-26,Category A,14455.07992100008,33.0,89.10551938418209
817,User 817,user817@example.com,2025-03-27,Category B,58479.49021886932,72.0,33.30855480938729
818,User 818,user818@example.com,2025-03-28,Category A,7100.005653409819,31.0,14.752383417734682
819,User 819,invalid_email,2025-03-29,Rare Category 2,,,9.655047859774513
820,User 820,user820@example.com,2025-03-30,Category B,43801.64948483271,73.0,1.342291512012761
821,USER 821,user821@example.com,2025-03-31,Category C,,58.0,42.28560785668615
822,User 822,user822@example.com,2025-04-01,Category B,13990.147122234534,,18.761098854542468
823,User 823,user823@example.com,2025-04-02,Category A,53640.39667354963,53.0,
824,User 824,user824@example.com,2025-04-03,Rare Category 2,12000.919920984152,65.0,52.001954628952376
825,User 825,user825@example.com,2025-04-04,Category A,18030.11592429856,73.0,67.99785486507615
826,User 826,user826@example.com,2025-04-05,Category B,89252.78914439343,34.0,8.575105091110435
827,User 827,user827@example.com,2025-04-06,Category C,102656.35663008036,64.0,46.092077291965964
828,User 828,user828@example.com,2025-04-07,Category A,106127.68358036927,53.0,74.36286786007467
829,User 829,user829@example.com,2025-04-08,Category C,16611.89398779443,23.0,98.58068210084251
830,User 830,user830@example.com,2025-04-09,Category B,75410.58320719152,33.0,
831,User 831,user831@example.com,2025-04-10,Category A,8527.46297315112,46.0,24.483955080952057
832,User 832,user832@example.com,2025-04-11,Category A,8893.68830818148,53.0,
833,User 833,user833@example.com,2025-04-12,Category A,2099.6882228410004,55.0,59.792942681983
834,User 834,user834@example.com,2025-04-13,Category C,117344.3674078634,54.0,21.179928858154774
835,user 835,user835@example.com,2025-04-14,Category C,9283.743612229038,65.0,85.11108258475547
836,User 836,user836@example.com,2025-04-15,Category A,,,42.740442722760086
837,User 837,user837@example.com,2025-04-16,Category A,8863.310842678,74.0,96.19776547341259
838,Usr 838,user838@example.com,2025-04-17,Category C,44141.923156341094,65.0,72.2901007447778
839,User 839,user839@example.com,2025-04-18,Category B,15128.964122191283,,64.45631546318221
840,User 840,user840@example.com,2025-04-19,Category B,5974.066376234153,,
841,User 841,user841@example.com,2025-04-20,Category B,34257.56051132656,53.0,47.80970188182215
842,user 842,user842@example.com,2025-04-21,Category A,5251.50496858798,46.0,50.5226477801674
843,User 843,user843@example.com,2025-04-22,Category C,,31.0,85.12073854447439
844,User 844,user844@example.com,2025-04-23,Rare Category 2,2678.764300775775,21.0,68.09285366435029
845,User 845,user845@example.com,2025-04-24,Category A,7509205.910735341,61.0,89.72433251916418
846,User 846,user846@example.com,2025-04-25,Category B,26331.709326150914,73.0,89.08267535742685
847,User 847,user847@example.com,2025-04-26,Category B,3088.571489599098,,97.64900340442492
848,User 848,user848@example.com,2025-04-27,Category B,5008.312321631031,53.0,70.02146588453341
849,User 849,user849@example.com,2025-04-28,Category A,21974.348699522972,67.0,50.2301717661742
850,User 850,invalid_email,2025-04-29,Category C,12789.670141636265,62.0,16.631170020908236
851,User 851,user851@example.com,2025-04-30,Category B,161463.86265544643,30.0,70.53805596474173
852,User 852,user852@example.com,2025-05-01,Category B,137846.5716541922,63.0,29.15777167599307
853,User 853,user853@example.com,2025-05-02,Category B,,35.0,
854,User 854,user854@example.com,2025-05-03,Category A,38450.90910215679,,23.82877764480681
855,User 855,user855@example.com,2025-05-04,Category A,46596.586058342036,38.0,87.51220573514502
856,User 856,user856@example.com,2025-05-05,Category C,12118.895704420931,33.0,86.79644466821583
857,User 857,user857@example.com,2025-05-06,Category A,4936.730078103388,32.0,63.09704448700582
858,User 858,user858@example.com,2025-05-07,Category C,21757.233385843723,71.0,47.29809813707359
859,User 859,user859@example.com,2025-05-08,Category B,18530.148350040978,74.0,67.21144600987991
860,User 860,user860@example.com,2025-05-09,Category B,14246.057817381263,22.0,
861,User 861,user861@example.com,2025-05-10,Category B,34279.982704125316,78.0,41.57342483233874
862,Usr 862,user862@example.com,2025-05-11,Category B,,23.0,37.963086748563434
863,User 863,user863@example.com,2025-05-12,Category A,6960.47120163283,55.0,38.27943081453502
864,User 864,invalid_email,2025-05-13,Category B,24565.123457787326,,
865,User 865,user865@example.com,2025-05-14,Category C,32401.827113061627,65.0,64.76693561208259
866,User 866,user866@example.com,2025-05-15,Category C,6791.010668575364,29.0,45.1741753515442
867,User 867,user867@example.com,2025-05-16,Category A,55719.78732258961,53.0,
868,User 868,user868@example.com,2025-05-17,Category B,3750.0290373354146,50.0,
869,Usr 869,user869@example.com,2025-05-18,Category A,12355.870105092925,,34.704702595377704
870,User 870,user870@example.com,2025-05-19,Category A,17017.397188748808,50.0,41.9074683125441
871,User 871,user871@example.com,2025-05-20,Category A,,48.0,1.6921343464943117
872,User 872,user872@example.com,2025-05-21,Category C,12518.208288286218,38.0,36.49571876682251
873,User 873,user873@example.com,2025-05-22,Category A,143067.88005419663,44.0,27.370991717284255
874,User 874,user874@example.com,2025-05-23,Category A,9406.120853354532,44.0,50.60362702274808
875,User 875,user875@example.com,2025-05-24,Category A,253019.47030400764,,33.64105471832693
876,User 876,user876@example.com,2025-05-25,Category A,34102.52746492926,73.0,72.61821349464613
877,User 877,user877@example.com,2025-05-26,Category C,24150.373802178125,54.0,50.99324954076485
878,User 878,user878@example.com,2025-05-27,Category A,35462.82889034483,79.0,12.976223349626437
879,User 879,user879@example.com,2025-05-28,Category A,276489.3962368352,49.0,75.00613241443472
880,Usr 880,user880@example.com,2025-05-29,Category C,,43.0,9.92288960826766
881,User 881,user881@example.com,2025-05-30,Category B,7183.7878673820705,,83.90491680793573
882,User 882,user882@example.com,2025-05-31,Category C,10354.058044337064,29.0,93.14221940862194
883,User 883,user883@example.com,2025-06-01,Category B,22745.967296283525,39.0,32.24452901848539
884,User 884,user884@example.com,2025-06-02,Category A,3921.497500180647,34.0,92.61426332629308
885,User 885,user885@example.com,2025-06-03,Category C,,,
886,User 886,user886@example.com,2025-06-04,Category A,119796.186676964,60.0,92.243561100377
887,user 887,user887@example.com,2025-06-05,Category B,25627.144240674297,21.0,
888,User 888,user888@example.com,2025-06-06,Category B,16437.40058802004,,23.564403942142185
889,USER 889,user889@example.com,2025-06-07,Category A,11870.831685404411,55.0,89.45232369109726
890,User 890,user890@example.com,2025-06-08,Category C,54095.793332247216,49.0,18.42650761707437
891,User 891,user891@example.com,2025-06-09,Category C,9644.732850916214,28.0,21.30605510175355
892,User 892,user892@example.com,2025-06-10,Rare Category 2,139580.3807786823,18.0,27.106299014036374
893,User 893,user893@example.com,2025-06-11,Category C,152262.2660802363,42.0,30.424631148658467
894,User 894,user894@example.com,2025-06-12,Category B,28474.11758328684,59.0,51.447964213103056
895,User 895,user895@example.com,2025-06-13,Category A,,69.0,71.3457360434044
896,User 896,user896@example.com,2025-06-14,Category A,61738.302802175065,41.0,
897,User 897,user897@example.com,2025-06-15,Category B,65827.86462565056,70.0,8.843758733550244
898,User 898,user898@example.com,2025-06-16,Category B,,60.0,
899,User 899,user899@example.com,2025-06-17,Rare Category 1,,73.0,
900,User 900,user900@example.com,2025-06-18,Category B,,34.0,5.399929218103894
901,User 901,user901@example.com,2025-06-19,Category B,33158.850332382935,25.0,36.03211376915627
902,user 902,user902@example.com,2025-06-20,Category B,42900.03339941253,76.0,
903,USER 903,user903@example.com,2025-06-21,Category C,7509205.910735341,62.0,61.15765454794011
904,User 904,user904@example.com,2025-06-22,Category C,13971.867116532369,,77.90939433817704
905,User 905,user905@example.com,2025-06-23,Category C,5725.8488170470055,69.0,
906,User 906,user906@example.com,2025-06-24,Category B,8966.04720647989,35.0,49.67701131271636
907,User 907,user907@example.com,2025-06-25,Category C,38216.2868181372,44.0,4.121804595169953
908,User 908,user908@example.com,2025-06-26,Category A,10577.854888773467,39.0,58.4268202064501
909,User 909,user909@example.com,2025-06-27,Category C,16304.135136348748,33.0,4.856665305929598
910,User 910,user910@example.com,2025-06-28,Category B,,19.0,60.37267175351309
911,User 911,user911@example.com,2025-06-29,Category B,26555.448169015945,,80.04108624936782
912,User 912,user912@example.com,2025-06-30,Category B,,35.0,58.49917487019186
913,User 913,user913@example.com,2025-07-01,Category C,10625.804939840289,20.0,
914,User 914,user914@example.com,2025-07-02,Category A,18232.95048431386,44.0,
915,User 915,invalid_email,2025-07-03,Category C,26378.24458105232,71.0,
916,User 916,user916@example.com,2025-07-04,Category B,9751.065607440452,34.0,66.72132917419074
917,User 917,user917@example.com,2025-07-05,Category B,,33.0,
918,user 918,user918@example.com,2025-07-06,Category A,133997.23343156435,23.0,71.32190050771051
919,User 919,user919@example.com,2025-07-07,Category B,11692.785367008935,68.0,16.40307314593894
920,User 920,user920@example.com,2025-07-08,Category B,,24.0,95.55177064172409
921,User 921,user921@example.com,2025-07-09,Category B,60526.69189192745,67.0,66.77772264457613
922,User 922,user922@example.com,2025-07-10,Category C,750920.5910735341,31.0,5.933823080638989
923,User 923,user923@example.com,2025-07-11,Category B,6345.57849978349,,65.75683057846125
924,User 924,user924@example.com,2025-07-12,Rare Category 2,34538.406431134805,,88.3119406674775
925,User 925,user925@example.com,2025-07-13,Category B,10855.72331872942,32.0,57.70418619900251
926,User 926,invalid_email,2025-07-14,Category C,12851.42135413707,64.0,35.40196380320112
927,Usr 927,user927@example.com,2025-07-15,Category A,10719.15898862091,64.0,82.09096340706161
928,User 928,user928@example.com,2025-07-16,Category B,7146.26436127017,65.0,78.25120082058294
929,User 929,user929@example.com,2025-07-17,Category B,21135.484529961308,50.0,54.41821542313008
930,User 930,user930@example.com,2025-07-18,Category B,,60.0,15.436176989590034
931,User 931,user931@example.com,2025-07-19,Category C,,44.0,25.09864855231814
932,User 932,user932@example.com,2025-07-20,Category A,,46.0,73.84839721861057
933,Usr 933,user933@example.com,2025-07-21,Category A,33605.162262046,,80.60821653949274
934,User 934,user934@example.com,2025-07-22,Category C,13819.161023384939,54.0,27.926527804098978
935,Usr 935,user935@example.com,2025-07-23,Category A,,22.0,36.798507718678664
936,User 936,user936@example.com,2025-07-24,Category C,29365.150854579937,46.0,7.763188524979514
937,USER 937,user937@example.com,2025-07-25,Category B,6877.079624253583,,71.34619483664999
938,User 938,user938@example.com,2025-07-26,Category C,15398.256467353822,77.0,
939,Usr 939,user939@example.com,2025-07-27,Category A,,70.0,4.654152121906807
940,User 940,user940@example.com,2025-07-28,Category A,9040.151294911811,23.0,0.4344067784089911
941,User 941,user941@example.com,2025-07-29,Category B,2670.8759249541017,19.0,
942,User 942,user942@example.com,2025-07-30,Rare Category 1,84063.4028950858,23.0,
943,User 943,user943@example.com,2025-07-31,Category B,11086.254059292916,63.0,29.754676134333025
944,User 944,user944@example.com,2025-08-01,Category B,70500.56868089846,60.0,91.27010103571104
945,User 945,user945@example.com,2025-08-02,Category C,64138.00195127961,21.0,19.280279467660666
946,User 946,user946@example.com,2025-08-03,Rare Category 1,7509205.910735341,73.0,38.936801038140054
947,User 947,user947@example.com,2025-08-04,Category C,7417.436299986476,,94.03118009277517
948,User 948,user948@example.com,2025-08-05,Rare Category 2,285073.68205289444,76.0,42.71065628370424
949,User 949,invalid_email,2025-08-06,Category A,126870.97979446773,42.0,55.46936856470578
950,user 950,user950@example.com,2025-08-07,Category A,21343.051023241398,26.0,8.033686656948758
951,User 951,user951@example.com,2025-08-08,Category C,28491.8427621778,73.0,79.01663868934622
952,User 952,user952@example.com,2025-08-09,Category C,11721.190037977178,,42.27587770882381
953,User 953,user953@example.com,2025-08-10,Category A,33940.10777365854,43.0,
954,User 954,user954@example.com,2025-08-11,Category A,10751.688589114756,65.0,25.379764255599213
955,User 955,user955@example.com,2025-08-12,Category C,,60.0,42.247875056141005
956,User 956,user956@example.com,2025-08-13,Category A,5874.8993884114725,44.0,78.65489363650103
957,User 957,user957@example.com,2025-08-14,Category B,22495.998948091485,53.0,97.38777670436397
958,User 958,user958@example.com,2025-08-15,Category B,7107.691343385882,49.0,5.9625524387268865
959,User 959,user959@example.com,2025-08-16,Category B,20593.330394294255,18.0,
960,User 960,user960@example.com,2025-08-17,Category C,7520.131929204105,74.0,30.068906762711023
961,User 961,user961@example.com,2025-08-18,Category B,10073.324572955888,70.0,55.07432808910722
962,User 962,invalid_email,2025-08-19,Category C,51697.53117284069,71.0,29.009226495074792
963,User 963,user963@example.com,2025-08-20,Category B,28211.37509171224,33.0,61.34454725679902
964,User 964,user964@example.com,2025-08-21,Category B,21814.618090950902,68.0,35.38028306439755
965,User 965,user965@example.com,2025-08-22,Category C,53048.61164813039,65.0,33.36148909776815
966,user 966,user966@example.com,2025-08-23,Category A,35618.07787212441,28.0,3.7938312935935525
967,user 967,user967@example.com,2025-08-24,Category A,,43.0,14.696040590381154
968,User 968,user968@example.com,2025-08-25,Category A,13906.904712430753,57.0,91.70781988654788
969,User 969,user969@example.com,2025-08-26,Category A,14333.647458439018,72.0,
970,User 970,user970@example.com,2025-08-27,Category B,5996.257080330498,18.0,78.05205758696064
971,User 971,user971@example.com,2025-08-28,Category C,14343.028475664745,43.0,28.681262477348678
972,Usr 972,user972@example.com,2025-08-29,Category C,57801.493550602594,45.0,40.244513844359254
973,User 973,user973@example.com,2025-08-30,Category C,80820.61695230464,,73.95034549060827
974,USER 974,user974@example.com,2025-08-31,Category B,,,96.85135568831981
975,User 975,user975@example.com,2025-09-01,Category B,3662.1589643375405,,45.54711707293676
976,Usr 976,user976@example.com,2025-09-02,Category B,65065.20583019185,77.0,82.95224152883746
977,User 977,user977@example.com,2025-09-03,Category A,3503.3725762291865,76.0,97.50689225987169
978,User 978,user978@example.com,2025-09-04,Category A,54074.46321642059,61.0,87.34731710560042
979,User 979,user979@example.com,2025-09-05,Category B,7509205.910735341,39.0,22.714974677132695
980,User 980,user980@example.com,2025-09-06,Rare Category 2,44468.36488724406,25.0,0.8031863875622935
981,User 981,user981@example.com,2025-09-07,Category A,5811.253946424932,75.0,49.208170538841514
982,User 982,user982@example.com,2025-09-08,Category A,71052.0248956568,66.0,
983,User 983,user983@example.com,2025-09-09,Category C,5089.960014901313,59.0,20.125036455116962
984,User 984,user984@example.com,2025-09-10,Category A,11288.559849175688,44.0,28.467439194681766
985,USER 985,user985@example.com,2025-09-11,Category C,8118.538036916122,56.0,76.51531608485469
986,User 986,user986@example.com,2025-09-12,Category C,3811.2600955383537,36.0,47.03472587131338
987,User 987,user987@example.com,2025-09-13,Rare Category 1,24210.157792974787,42.0,31.735408360025662
988,User 988,user988@example.com,2025-09-14,Category B,134066.2175688051,55.0,62.262602736191944
989,USER 989,user989@example.com,2025-09-15,Category C,317078.679481526,38.0,65.27597559761253
990,User 990,user990@example.com,2025-09-16,Category B,24273.871091321933,41.0,76.93957768408022
991,Usr 991,user991@example.com,2025-09-17,Category C,67284.23745614119,41.0,15.670929576291915
992,User 992,invalid_email,2025-09-18,Category B,,77.0,74.15172523269902
993,User 993,user993@example.com,2025-09-19,Category A,36274.96796976318,77.0,59.94283921104186
994,User 994,user994@example.com,2025-09-20,Category B,15644.134742310905,,5.7571865302797125
995,User 995,user995@example.com,2025-09-21,Category B,26771.06517026348,67.0,77.7445628253411
996,User 996,user996@example.com,2025-09-22,Category C,37702.38766072718,64.0,38.30802813331851
997,User 997,user997@example.com,2025-09-23,Category C,12351.592376633786,19.0,33.038093432963755
998,User 998,invalid_email,2025-09-24,Category C,20384.002889128926,31.0,44.80751515816343
999,User 999,user999@example.com,2025-09-25,Category A,,70.0,34.61750773061291
1000,User 1000,user1000@example.com,2025-09-26,Category C,,49.0,33.828559220990904
