id,date,category,age,income,is_customer
1,2023-01-01,Electronics,47.0,28641.01886018263,1
2,2023-01-02,Home & Garden,34.0,12470.191808768943,0
3,2023-01-03,Home & Garden,37.0,28615.319734573623,1
4,2023-01-04,Clothing,69.0,18717.35264366592,1
5,2023-01-05,Books,72.0,18840.082359839333,1
6,2023-01-06,Books,33.0,29882.00040284509,1
7,2023-01-07,Home & Garden,63.0,17420.959294492466,1
8,2023-01-08,Home & Garden,79.0,10785.153077489838,1
9,2023-01-09,Books,60.0,32229.993776234245,1
10,2023-01-10,Books,24.0,12419.830462212502,0
11,2023-01-11,Clothing,33.0,28517.0844830016,0
12,2023-01-12,Electronics,62.0,35828.47590904339,1
13,2023-01-13,Home & Garden,76.0,18256.072745230398,0
14,2023-01-14,Books,64.0,39782.2623385254,0
15,2023-01-15,Home & Garden,73.0,28026.109979858396,1
16,2023-01-16,Home & Garden,65.0,15553.940438757574,0
17,2023-01-17,Books,44.0,44387.55876383757,1
18,2023-01-18,Clothing,70.0,12446.11853628268,0
19,2023-01-19,Home & Garden,40.0,18245.062693169293,1
20,2023-01-20,Clothing,41.0,19867.54149085353,1
21,2023-01-21,Books,26.0,29810.377511371626,0
22,2023-01-22,Electronics,52.0,38473.179790172086,0
23,2023-01-23,Electronics,68.0,37286.84186757539,1
24,2023-01-24,Home & Garden,37.0,24633.78515022743,1
25,2023-01-25,Books,54.0,19146.31308296648,1
26,2023-01-26,Clothing,59.0,,0
27,2023-01-27,Home & Garden,34.0,,0
28,2023-01-28,Books,64.0,53280.6094963936,0
29,2023-01-29,Books,,8795.222947958599,0
30,2023-01-30,Clothing,72.0,14879.722788061159,1
31,2023-01-31,Home & Garden,,39038.481392979294,1
32,2023-02-01,Books,,24461.52244652327,1
33,2023-02-02,Books,32.0,35032.18661671814,1
34,2023-02-03,Books,48.0,28894.72049664939,0
35,2023-02-04,Clothing,70.0,45926.21053452649,1
36,2023-02-05,Home & Garden,47.0,25532.6586551122,1
37,2023-02-06,Home & Garden,63.0,30690.973408999667,0
38,2023-02-07,Home & Garden,37.0,15334.749388621514,0
39,2023-02-08,Home & Garden,77.0,29530.13327069973,1
40,2023-02-09,Electronics,56.0,18068.70925936437,0
41,2023-02-10,Electronics,70.0,17561.197612126005,1
42,2023-02-11,Home & Garden,72.0,34453.35838006302,0
43,2023-02-12,Clothing,29.0,34572.42534736562,0
44,2023-02-13,Electronics,66.0,51237.1983688238,1
45,2023-02-14,Books,34.0,49594.320134727284,0
46,2023-02-15,Electronics,59.0,34844.743778923876,1
47,2023-02-16,Books,,9318.688648986803,0
48,2023-02-17,Home & Garden,46.0,54931.404310991005,0
49,2023-02-18,Electronics,36.0,34856.11389341749,0
50,2023-02-19,Clothing,63.0,15018.979119868805,0
51,2023-02-20,Electronics,28.0,31712.131308617816,0
52,2023-02-21,Electronics,,13113.101573523705,1
53,2023-02-22,Electronics,67.0,30010.87395255535,0
54,2023-02-23,Home & Garden,24.0,11405.65973839161,1
55,2023-02-24,Clothing,61.0,14704.234545539495,0
56,2023-02-25,Electronics,75.0,31412.60626076436,1
57,2023-02-26,Clothing,51.0,37663.373330355644,0
58,2023-02-27,Home & Garden,76.0,,1
59,2023-02-28,Books,37.0,19089.919152803654,1
60,2023-03-01,Electronics,67.0,7650.810374301523,0
61,2023-03-02,Clothing,55.0,19840.67594712993,0
62,2023-03-03,Clothing,,28760.04965640544,0
63,2023-03-04,Home & Garden,27.0,18800.099606689615,1
64,2023-03-05,Electronics,49.0,21779.207940398497,1
65,2023-03-06,Books,69.0,20074.21161454463,0
66,2023-03-07,Clothing,32.0,18753.71023624212,0
67,2023-03-08,Electronics,54.0,22878.17538100175,1
68,2023-03-09,Books,37.0,19218.962655392985,1
69,2023-03-10,Clothing,20.0,45326.39336598582,0
70,2023-03-11,Clothing,54.0,7308.47984668399,1
71,2023-03-12,Books,79.0,,0
72,2023-03-13,Books,74.0,14255.126683245657,0
73,2023-03-14,Home & Garden,57.0,24576.72903499256,0
74,2023-03-15,Electronics,25.0,22892.677828707583,1
75,2023-03-16,Electronics,,49567.792189476444,1
76,2023-03-17,Home & Garden,61.0,58429.19884841465,1
77,2023-03-18,Clothing,73.0,14964.833170031832,1
78,2023-03-19,Books,40.0,22031.97381604945,0
79,2023-03-20,Books,57.0,24298.070149581188,1
80,2023-03-21,Books,28.0,14780.93015431229,0
81,2023-03-22,Clothing,63.0,30157.56304671029,0
82,2023-03-23,Books,,19540.535208335194,0
83,2023-03-24,Books,46.0,,1
84,2023-03-25,Home & Garden,47.0,19153.023128488538,0
85,2023-03-26,Clothing,73.0,13375.269400163736,0
86,2023-03-27,Electronics,77.0,36987.06051717896,1
87,2023-03-28,Home & Garden,27.0,56998.465622840704,0
88,2023-03-29,Home & Garden,56.0,24894.687018815643,1
89,2023-03-30,Electronics,45.0,23286.7168339767,1
90,2023-03-31,Home & Garden,66.0,23770.899071682157,1
91,2023-04-01,Clothing,53.0,39779.899040922406,0
92,2023-04-02,Books,,39353.86624687454,1
93,2023-04-03,Clothing,30.0,20788.873937523756,1
94,2023-04-04,Electronics,49.0,24991.597908199554,1
95,2023-04-05,Electronics,53.0,30525.66864553223,1
96,2023-04-06,Home & Garden,54.0,12470.938191431436,0
97,2023-04-07,Clothing,43.0,40388.65140658519,1
98,2023-04-08,Clothing,,52439.528447794815,0
99,2023-04-09,Electronics,21.0,39439.220819349415,1
100,2023-04-10,Clothing,48.0,,0
101,2023-04-11,Electronics,35.0,8225.544485525112,1
102,2023-04-12,Clothing,,31393.600228957577,0
103,2023-04-13,Clothing,41.0,15061.62316639211,1
104,2023-04-14,Clothing,73.0,25426.994825731963,0
105,2023-04-15,Electronics,40.0,47456.76476273966,0
106,2023-04-16,Home & Garden,39.0,,0
107,2023-04-17,Clothing,19.0,18237.271649044273,1
108,2023-04-18,Electronics,48.0,25294.986329779338,0
109,2023-04-19,Electronics,72.0,11513.150468239648,0
110,2023-04-20,Clothing,28.0,15079.204708333395,0
111,2023-04-21,Clothing,45.0,22301.935599730004,0
112,2023-04-22,Home & Garden,,18954.043510112824,1
113,2023-04-23,Electronics,49.0,29857.874217052664,0
114,2023-04-24,Electronics,,87815.19313734428,0
115,2023-04-25,Books,22.0,,0
116,2023-04-26,Electronics,55.0,14460.03660218506,1
117,2023-04-27,Home & Garden,27.0,44762.23872527714,0
118,2023-04-28,Books,57.0,9952.616519231638,0
119,2023-04-29,Books,63.0,10998.84904997152,0
120,2023-04-30,Books,41.0,16357.606224841604,0
121,2023-05-01,Clothing,52.0,19121.270626155372,1
122,2023-05-02,Clothing,61.0,16162.736114212646,0
123,2023-05-03,Electronics,65.0,21682.13303177726,0
124,2023-05-04,Books,77.0,25269.943167604786,1
125,2023-05-05,Home & Garden,79.0,37589.48994773302,1
126,2023-05-06,Clothing,40.0,,1
127,2023-05-07,Home & Garden,34.0,16631.05277826804,0
128,2023-05-08,Home & Garden,18.0,36582.40599235571,1
129,2023-05-09,Clothing,72.0,14634.576513263193,0
130,2023-05-10,Clothing,,9737.10015702624,1
131,2023-05-11,Clothing,48.0,40254.537481490326,0
132,2023-05-12,Clothing,59.0,38984.78116462389,1
133,2023-05-13,Books,74.0,14821.747455824325,0
134,2023-05-14,Books,72.0,18041.87227884188,1
135,2023-05-15,Books,59.0,13926.325201417003,0
136,2023-05-16,Books,70.0,25934.051366843563,0
137,2023-05-17,Electronics,73.0,52366.62006603261,0
138,2023-05-18,Books,51.0,31302.113534034637,0
139,2023-05-19,Clothing,26.0,36970.00995827157,0
140,2023-05-20,Home & Garden,39.0,33185.362390988645,0
141,2023-05-21,Books,,22025.15362306226,0
142,2023-05-22,Electronics,42.0,37860.749415539125,0
143,2023-05-23,Clothing,,31968.786422732523,1
144,2023-05-24,Home & Garden,35.0,45239.36335763584,0
145,2023-05-25,Home & Garden,68.0,17504.71460133795,0
146,2023-05-26,Books,29.0,9236.738999641168,1
147,2023-05-27,Home & Garden,57.0,37146.525050877644,0
148,2023-05-28,Books,34.0,26235.920449667,1
149,2023-05-29,Books,32.0,18995.87159071037,0
150,2023-05-30,Clothing,59.0,19534.23006965859,1
151,2023-05-31,Clothing,32.0,79011.0632632346,1
152,2023-06-01,Electronics,32.0,15976.955371592789,0
153,2023-06-02,Clothing,72.0,14376.47323873157,1
154,2023-06-03,Clothing,56.0,22986.034543799844,0
155,2023-06-04,Books,30.0,39745.24296110359,0
156,2023-06-05,Clothing,34.0,68816.6495050644,0
157,2023-06-06,Books,,30597.7722099815,0
158,2023-06-07,Books,26.0,11670.220596940337,1
159,2023-06-08,Clothing,57.0,59008.22590917532,0
160,2023-06-09,Electronics,37.0,21813.09268675938,1
161,2023-06-10,Electronics,43.0,14489.003828454965,1
162,2023-06-11,Home & Garden,44.0,,0
163,2023-06-12,Home & Garden,38.0,33461.953623377216,0
164,2023-06-13,Clothing,35.0,24820.239125336888,0
165,2023-06-14,Electronics,30.0,26174.41506685321,0
166,2023-06-15,Books,33.0,41908.81893487421,1
167,2023-06-16,Home & Garden,26.0,,0
168,2023-06-17,Books,29.0,43611.55050697618,1
169,2023-06-18,Home & Garden,61.0,,0
170,2023-06-19,Clothing,55.0,64990.974601752794,0
171,2023-06-20,Electronics,36.0,29713.87858287962,0
172,2023-06-21,Home & Garden,,13903.289351444328,0
173,2023-06-22,Electronics,24.0,8000.753136871012,1
174,2023-06-23,Books,74.0,33006.584839683375,1
175,2023-06-24,Clothing,52.0,18268.067367028147,0
176,2023-06-25,Electronics,65.0,20378.121987247574,1
177,2023-06-26,Clothing,35.0,32308.899726515116,1
178,2023-06-27,Electronics,33.0,36505.08748927068,0
179,2023-06-28,Books,72.0,40613.47432007256,0
180,2023-06-29,Books,56.0,12241.405107089098,1
181,2023-06-30,Clothing,21.0,44933.88089517102,1
182,2023-07-01,Books,76.0,16489.470949300983,1
183,2023-07-02,Home & Garden,42.0,7128.63487272309,1
184,2023-07-03,Electronics,49.0,12219.39627169252,0
185,2023-07-04,Books,79.0,24563.393537482414,0
186,2023-07-05,Home & Garden,57.0,13501.996966878853,1
187,2023-07-06,Clothing,30.0,21077.844949075912,0
188,2023-07-07,Home & Garden,62.0,,1
189,2023-07-08,Clothing,34.0,20116.734270604626,1
190,2023-07-09,Clothing,66.0,17202.72070940495,0
191,2023-07-10,Electronics,54.0,11785.814997883206,1
192,2023-07-11,Electronics,23.0,22269.46873001581,1
193,2023-07-12,Home & Garden,36.0,7844.134281733486,0
194,2023-07-13,Electronics,30.0,15630.837098393607,0
195,2023-07-14,Electronics,74.0,13850.933990370711,1
196,2023-07-15,Electronics,77.0,19541.810438462984,1
197,2023-07-16,Home & Garden,43.0,19797.97819975342,0
198,2023-07-17,Books,31.0,,1
199,2023-07-18,Electronics,48.0,48617.49082324172,1
200,2023-07-19,Electronics,71.0,12595.697670161246,0
201,2023-07-20,Home & Garden,21.0,59659.95552744056,0
202,2023-07-21,Books,77.0,14918.423434406537,0
203,2023-07-22,Electronics,56.0,24010.905247997198,0
204,2023-07-23,Clothing,,28436.576333175202,0
205,2023-07-24,Home & Garden,42.0,74778.92525162715,0
206,2023-07-25,Electronics,30.0,16795.375020955773,1
207,2023-07-26,Electronics,49.0,8969.910645414493,1
208,2023-07-27,Clothing,76.0,46406.26427815096,0
209,2023-07-28,Clothing,55.0,14520.4491428316,0
210,2023-07-29,Home & Garden,55.0,18383.44315015513,1
211,2023-07-30,Home & Garden,73.0,,1
212,2023-07-31,Clothing,45.0,18409.978630575755,1
213,2023-08-01,Home & Garden,70.0,14469.586341485026,0
214,2023-08-02,Clothing,47.0,30891.023165865434,0
215,2023-08-03,Electronics,20.0,22934.458919957215,1
216,2023-08-04,Clothing,45.0,15669.515559136886,0
217,2023-08-05,Clothing,20.0,36240.6243543514,0
218,2023-08-06,Books,62.0,25021.691191890575,0
219,2023-08-07,Clothing,71.0,8751.460456848621,1
220,2023-08-08,Clothing,51.0,34886.3759148649,1
221,2023-08-09,Books,33.0,24159.52380813493,0
222,2023-08-10,Home & Garden,39.0,44150.7963744482,0
223,2023-08-11,Books,49.0,23434.36264262537,0
224,2023-08-12,Electronics,78.0,14826.113411913924,0
225,2023-08-13,Books,55.0,19887.612577550335,0
226,2023-08-14,Electronics,25.0,32924.08268371964,1
227,2023-08-15,Home & Garden,72.0,14982.400184179114,0
228,2023-08-16,Books,25.0,17674.029946290182,0
229,2023-08-17,Books,79.0,,0
230,2023-08-18,Home & Garden,74.0,12398.294414216864,1
231,2023-08-19,Electronics,,15090.765624512575,1
232,2023-08-20,Books,31.0,24011.186283854928,0
233,2023-08-21,Electronics,49.0,40184.5902428648,1
234,2023-08-22,Books,,25811.45055353486,1
235,2023-08-23,Clothing,27.0,21527.131963520143,1
236,2023-08-24,Books,,14535.723861472674,1
237,2023-08-25,Home & Garden,76.0,38085.16845235472,1
238,2023-08-26,Home & Garden,29.0,27357.684846520104,1
239,2023-08-27,Electronics,66.0,15469.646896225342,0
240,2023-08-28,Books,76.0,34521.03852030977,1
241,2023-08-29,Electronics,48.0,29137.711172209674,1
242,2023-08-30,Electronics,46.0,14665.232352712359,0
243,2023-08-31,Clothing,22.0,20937.788589842596,0
244,2023-09-01,Clothing,79.0,17216.330084103756,0
245,2023-09-02,Home & Garden,69.0,82188.36039762734,0
246,2023-09-03,Electronics,42.0,28735.036511317256,1
247,2023-09-04,Home & Garden,58.0,24182.415781384254,1
248,2023-09-05,Books,48.0,27898.592765876863,1
249,2023-09-06,Electronics,79.0,43896.123583213805,1
250,2023-09-07,Electronics,38.0,21127.059271470363,0
251,2023-09-08,Books,75.0,16400.143291605236,1
252,2023-09-09,Books,37.0,33595.30533607788,1
253,2023-09-10,Home & Garden,,20181.623003253993,0
254,2023-09-11,Home & Garden,39.0,12900.899743294794,1
255,2023-09-12,Books,,,1
256,2023-09-13,Home & Garden,30.0,47318.10521867092,1
257,2023-09-14,Books,62.0,23525.078079747178,1
258,2023-09-15,Electronics,59.0,16402.947249534624,0
259,2023-09-16,Electronics,67.0,19591.136910045236,0
260,2023-09-17,Clothing,,32982.168931448345,0
261,2023-09-18,Electronics,37.0,19020.968256376716,0
262,2023-09-19,Books,69.0,10671.05415327193,0
263,2023-09-20,Home & Garden,30.0,25923.895436440103,1
264,2023-09-21,Clothing,34.0,,1
265,2023-09-22,Home & Garden,71.0,38977.20078785249,0
266,2023-09-23,Books,53.0,16652.82300574752,0
267,2023-09-24,Electronics,50.0,41547.23817793252,0
268,2023-09-25,Clothing,18.0,24501.14148901429,1
269,2023-09-26,Books,32.0,40969.11101793921,0
270,2023-09-27,Clothing,,29344.004106548862,1
271,2023-09-28,Clothing,34.0,10292.817271610076,1
272,2023-09-29,Electronics,41.0,52752.659585730806,1
273,2023-09-30,Books,75.0,22604.22072574124,1
274,2023-10-01,Home & Garden,25.0,29389.62241569207,0
275,2023-10-02,Clothing,67.0,,1
276,2023-10-03,Clothing,44.0,,1
277,2023-10-04,Home & Garden,62.0,38233.365905164166,0
278,2023-10-05,Books,40.0,,1
279,2023-10-06,Clothing,63.0,44364.722636574785,1
280,2023-10-07,Clothing,25.0,29059.837695957816,1
281,2023-10-08,Clothing,25.0,,0
282,2023-10-09,Books,76.0,23532.46874479752,1
283,2023-10-10,Books,43.0,16378.834768026265,1
284,2023-10-11,Home & Garden,64.0,24772.48740256937,0
285,2023-10-12,Books,76.0,11990.105939082889,0
286,2023-10-13,Books,30.0,,1
287,2023-10-14,Electronics,56.0,17007.478840604006,1
288,2023-10-15,Home & Garden,54.0,16746.035489014837,0
289,2023-10-16,Clothing,,16829.387732700663,1
290,2023-10-17,Books,45.0,20579.951275216765,0
291,2023-10-18,Clothing,42.0,25415.064799259668,1
292,2023-10-19,Clothing,78.0,6315.443147179119,0
293,2023-10-20,Electronics,33.0,6712.8815024469895,1
294,2023-10-21,Books,72.0,18595.11758919938,0
295,2023-10-22,Home & Garden,19.0,19952.614725150313,0
296,2023-10-23,Books,71.0,24210.836672591395,0
297,2023-10-24,Clothing,35.0,15308.504805333712,0
298,2023-10-25,Home & Garden,34.0,22130.955239188814,0
299,2023-10-26,Books,47.0,23464.914922646407,1
300,2023-10-27,Clothing,,15255.890222597587,1
301,2023-10-28,Clothing,30.0,36560.653892505594,0
302,2023-10-29,Electronics,49.0,24064.50364019604,1
303,2023-10-30,Electronics,67.0,28954.4894720185,1
304,2023-10-31,Electronics,46.0,22797.880854434283,1
305,2023-11-01,Clothing,63.0,63059.660639222966,1
306,2023-11-02,Books,47.0,29679.10478389764,1
307,2023-11-03,Electronics,35.0,17257.521249496513,1
308,2023-11-04,Books,30.0,33205.91966536821,0
309,2023-11-05,Electronics,60.0,9712.777262768774,1
310,2023-11-06,Home & Garden,38.0,23383.83220970313,1
311,2023-11-07,Home & Garden,,25837.44680208842,1
312,2023-11-08,Electronics,38.0,23517.741695134056,0
313,2023-11-09,Clothing,,,1
314,2023-11-10,Electronics,72.0,13277.993524352694,1
315,2023-11-11,Electronics,34.0,14843.63590777586,1
316,2023-11-12,Clothing,57.0,23179.82247039003,0
317,2023-11-13,Home & Garden,36.0,12622.552623980337,1
318,2023-11-14,Books,69.0,53374.25581318648,0
319,2023-11-15,Electronics,32.0,5881.406190397617,1
320,2023-11-16,Clothing,,18737.47983502897,0
321,2023-11-17,Electronics,69.0,23276.38996418684,0
322,2023-11-18,Clothing,27.0,28387.678203170915,0
323,2023-11-19,Books,61.0,13933.309737588379,1
324,2023-11-20,Books,48.0,38837.7269376054,0
325,2023-11-21,Home & Garden,70.0,10971.809374523444,0
326,2023-11-22,Clothing,40.0,16596.31075045369,0
327,2023-11-23,Clothing,69.0,30042.66381782063,0
328,2023-11-24,Home & Garden,47.0,,1
329,2023-11-25,Home & Garden,50.0,,1
330,2023-11-26,Clothing,74.0,,1
331,2023-11-27,Home & Garden,69.0,14062.320837432826,1
332,2023-11-28,Books,26.0,11428.994255083273,0
333,2023-11-29,Electronics,71.0,28320.960009867627,1
334,2023-11-30,Books,64.0,18506.05534043061,0
335,2023-12-01,Home & Garden,,17188.122015213212,1
336,2023-12-02,Clothing,61.0,29667.93253292079,1
337,2023-12-03,Clothing,52.0,10263.530417249895,1
338,2023-12-04,Books,28.0,9404.398647326021,0
339,2023-12-05,Clothing,51.0,16338.643003245901,1
340,2023-12-06,Home & Garden,33.0,37757.93267647647,1
341,2023-12-07,Books,26.0,16696.799833300265,1
342,2023-12-08,Clothing,49.0,49000.135493593,0
343,2023-12-09,Electronics,32.0,40155.206235139245,1
344,2023-12-10,Electronics,29.0,25373.81694128719,1
345,2023-12-11,Home & Garden,50.0,26104.47226254879,0
346,2023-12-12,Clothing,62.0,25361.848911751913,0
347,2023-12-13,Home & Garden,31.0,23857.618143816842,1
348,2023-12-14,Books,74.0,18340.72271020059,1
349,2023-12-15,Electronics,74.0,19436.462346552555,1
350,2023-12-16,Books,25.0,12900.481583454919,0
351,2023-12-17,Clothing,25.0,7295.24908763603,0
352,2023-12-18,Home & Garden,,38255.22015720492,0
353,2023-12-19,Home & Garden,79.0,23828.299749644295,1
354,2023-12-20,Home & Garden,29.0,,0
355,2023-12-21,Books,18.0,26882.33239255068,1
356,2023-12-22,Electronics,60.0,14556.621756386814,0
357,2023-12-23,Books,57.0,13352.633273220847,0
358,2023-12-24,Books,59.0,19113.64301755496,0
359,2023-12-25,Clothing,79.0,43653.95834462587,1
360,2023-12-26,Clothing,68.0,12278.800106787588,1
361,2023-12-27,Clothing,28.0,5922.223932431142,1
362,2023-12-28,Electronics,56.0,16971.64779677994,1
363,2023-12-29,Electronics,60.0,39001.288308504765,0
364,2023-12-30,Clothing,48.0,9262.488127506287,1
365,2023-12-31,Clothing,34.0,12208.139716040783,0
366,2024-01-01,Electronics,50.0,25128.887764567924,1
367,2024-01-02,Home & Garden,49.0,,1
368,2024-01-03,Electronics,75.0,11168.964294954043,0
369,2024-01-04,Electronics,46.0,10954.799549834253,0
370,2024-01-05,Electronics,38.0,26091.090748875205,1
371,2024-01-06,Clothing,38.0,40228.7510811693,1
372,2024-01-07,Home & Garden,57.0,16122.170345848723,0
373,2024-01-08,Electronics,40.0,9791.822934694155,0
374,2024-01-09,Clothing,,27361.0188699855,0
375,2024-01-10,Books,23.0,29954.076325859074,0
376,2024-01-11,Books,39.0,53601.244403313445,0
377,2024-01-12,Electronics,67.0,30591.38022187274,1
378,2024-01-13,Books,55.0,33323.99670396965,1
379,2024-01-14,Home & Garden,54.0,19320.60511766327,1
380,2024-01-15,Books,62.0,74663.91367645623,1
381,2024-01-16,Books,68.0,,0
382,2024-01-17,Home & Garden,71.0,16220.626292643828,0
383,2024-01-18,Electronics,25.0,,0
384,2024-01-19,Electronics,58.0,10539.457609292424,1
385,2024-01-20,Home & Garden,66.0,8745.510900301126,0
386,2024-01-21,Home & Garden,,23383.325510130526,0
387,2024-01-22,Home & Garden,68.0,22007.349359774267,1
388,2024-01-23,Books,28.0,19654.390141713546,1
389,2024-01-24,Home & Garden,41.0,36205.44781292528,1
390,2024-01-25,Clothing,,13987.186071367421,0
391,2024-01-26,Books,38.0,22744.61203748204,0
392,2024-01-27,Electronics,68.0,18397.07610588113,1
393,2024-01-28,Electronics,,14106.49699386497,1
394,2024-01-29,Electronics,57.0,21355.82805071371,0
395,2024-01-30,Books,36.0,33735.227664317776,1
396,2024-01-31,Clothing,56.0,63594.61400048655,0
397,2024-02-01,Home & Garden,45.0,,1
398,2024-02-02,Home & Garden,76.0,6276.592391017399,1
399,2024-02-03,Electronics,34.0,21610.399956788977,1
400,2024-02-04,Electronics,23.0,22581.84164904383,0
401,2024-02-05,Books,36.0,35175.47918551371,0
402,2024-02-06,Clothing,73.0,24158.828248993897,1
403,2024-02-07,Home & Garden,55.0,41214.460577641425,0
404,2024-02-08,Books,45.0,26791.37557507035,1
405,2024-02-09,Home & Garden,19.0,48021.25645847463,1
406,2024-02-10,Electronics,55.0,17687.740296759996,0
407,2024-02-11,Home & Garden,72.0,23674.924609309586,0
408,2024-02-12,Clothing,54.0,,0
409,2024-02-13,Clothing,68.0,16546.054686327105,0
410,2024-02-14,Electronics,69.0,14838.695357764716,1
411,2024-02-15,Clothing,21.0,16079.877911836584,0
412,2024-02-16,Clothing,39.0,15144.49216628657,0
413,2024-02-17,Books,43.0,,1
414,2024-02-18,Home & Garden,66.0,8800.783100346001,1
415,2024-02-19,Electronics,60.0,10117.430291586092,1
416,2024-02-20,Electronics,53.0,55902.995595543,1
417,2024-02-21,Electronics,75.0,15328.232056981762,0
418,2024-02-22,Electronics,30.0,24343.190186186428,0
419,2024-02-23,Electronics,69.0,10461.182605741278,1
420,2024-02-24,Clothing,75.0,23087.858075752414,1
421,2024-02-25,Books,49.0,15374.97806734104,0
422,2024-02-26,Electronics,34.0,10081.478938172215,0
423,2024-02-27,Books,58.0,42978.71270749829,0
424,2024-02-28,Books,53.0,39786.49704695755,0
425,2024-02-29,Clothing,72.0,20875.314273902837,0
426,2024-03-01,Electronics,77.0,36304.95514609359,1
427,2024-03-02,Clothing,63.0,57047.88853718444,1
428,2024-03-03,Electronics,36.0,32113.698626598885,1
429,2024-03-04,Clothing,,27996.64245805515,1
430,2024-03-05,Books,,24330.229006328995,0
431,2024-03-06,Electronics,52.0,30477.64315285863,1
432,2024-03-07,Home & Garden,63.0,18362.03144589822,0
433,2024-03-08,Books,57.0,19181.12622477578,0
434,2024-03-09,Home & Garden,73.0,27596.54016774194,0
435,2024-03-10,Books,76.0,17379.863847366134,0
436,2024-03-11,Clothing,45.0,18344.776684259603,0
437,2024-03-12,Electronics,18.0,22028.521671843784,0
438,2024-03-13,Books,59.0,39155.79752152762,0
439,2024-03-14,Clothing,35.0,12502.302711195405,1
440,2024-03-15,Electronics,65.0,32195.734420766803,0
441,2024-03-16,Electronics,,32725.118321497353,1
442,2024-03-17,Books,50.0,32627.344517501275,1
443,2024-03-18,Electronics,29.0,14715.061056012011,0
444,2024-03-19,Books,25.0,9448.95273113577,0
445,2024-03-20,Electronics,,29139.5091832764,1
446,2024-03-21,Home & Garden,33.0,24191.809203957433,1
447,2024-03-22,Clothing,67.0,36395.05953605274,1
448,2024-03-23,Home & Garden,21.0,15517.622397982646,1
449,2024-03-24,Books,55.0,32210.86793600614,0
450,2024-03-25,Home & Garden,61.0,,0
451,2024-03-26,Books,44.0,21001.41592589735,0
452,2024-03-27,Electronics,26.0,27131.881421655737,1
453,2024-03-28,Electronics,64.0,26661.696563862268,0
454,2024-03-29,Books,33.0,,1
455,2024-03-30,Home & Garden,73.0,28725.72383388778,0
456,2024-03-31,Electronics,29.0,49575.35778716504,1
457,2024-04-01,Clothing,48.0,22272.36535593978,0
458,2024-04-02,Electronics,41.0,10609.844024238266,0
459,2024-04-03,Clothing,72.0,15621.238889280561,1
460,2024-04-04,Home & Garden,31.0,9047.875661231776,1
461,2024-04-05,Clothing,,41987.639843904704,1
462,2024-04-06,Clothing,,32275.14305761509,1
463,2024-04-07,Clothing,51.0,17142.488428946188,1
464,2024-04-08,Clothing,20.0,10839.693926318503,0
465,2024-04-09,Electronics,75.0,14521.019811711076,1
466,2024-04-10,Clothing,41.0,16008.282397823674,0
467,2024-04-11,Electronics,79.0,23264.96359568423,0
468,2024-04-12,Clothing,71.0,22876.825073596392,0
469,2024-04-13,Books,59.0,43075.772181893946,0
470,2024-04-14,Home & Garden,26.0,15578.118855469584,0
471,2024-04-15,Clothing,,10362.057254853491,1
472,2024-04-16,Books,37.0,12351.227902641482,1
473,2024-04-17,Clothing,57.0,21774.34177469418,0
474,2024-04-18,Clothing,,15300.808766317808,0
475,2024-04-19,Clothing,36.0,19034.258761588444,1
476,2024-04-20,Books,20.0,17553.053631236104,1
477,2024-04-21,Home & Garden,41.0,36138.68679406758,0
478,2024-04-22,Books,22.0,16424.298882648734,1
479,2024-04-23,Home & Garden,20.0,18239.210186755794,1
480,2024-04-24,Clothing,75.0,31528.330153629613,1
481,2024-04-25,Electronics,44.0,16605.82878740956,0
482,2024-04-26,Clothing,33.0,27217.248497123095,1
483,2024-04-27,Home & Garden,66.0,25997.161319163668,0
484,2024-04-28,Books,32.0,,0
485,2024-04-29,Clothing,52.0,12491.47647429586,0
486,2024-04-30,Books,29.0,40736.79887761195,0
487,2024-05-01,Books,58.0,66859.04647070533,0
488,2024-05-02,Books,70.0,,1
489,2024-05-03,Clothing,61.0,13053.643423368027,0
490,2024-05-04,Books,43.0,22349.324014822745,0
491,2024-05-05,Books,64.0,,0
492,2024-05-06,Clothing,51.0,16194.163234660735,1
493,2024-05-07,Books,40.0,20651.64813301065,1
494,2024-05-08,Clothing,48.0,26116.617282447536,1
495,2024-05-09,Home & Garden,67.0,40196.04658454257,1
496,2024-05-10,Home & Garden,37.0,32458.31295079656,1
497,2024-05-11,Home & Garden,29.0,33137.93523637848,1
498,2024-05-12,Books,40.0,17798.43340873514,1
499,2024-05-13,Electronics,21.0,26929.01146581463,0
500,2024-05-14,Electronics,40.0,15352.265572705503,0
501,2024-05-15,Books,65.0,33616.1891529848,1
502,2024-05-16,Electronics,72.0,39167.78279527327,0
503,2024-05-17,Clothing,65.0,29047.328165063416,0
504,2024-05-18,Electronics,18.0,18330.006704544096,1
505,2024-05-19,Books,71.0,19893.263503273814,0
506,2024-05-20,Books,42.0,54353.16395677314,0
507,2024-05-21,Clothing,19.0,18483.704363687855,1
508,2024-05-22,Home & Garden,47.0,37234.72541450377,0
509,2024-05-23,Books,20.0,26093.611653287226,1
510,2024-05-24,Clothing,75.0,18637.51522119812,1
511,2024-05-25,Electronics,38.0,11244.96201301335,0
512,2024-05-26,Electronics,42.0,24484.6137805207,0
513,2024-05-27,Clothing,37.0,23052.98251438602,0
514,2024-05-28,Clothing,66.0,54353.66566046038,1
515,2024-05-29,Books,,,1
516,2024-05-30,Electronics,39.0,69382.10746686283,1
517,2024-05-31,Clothing,38.0,26619.65854210453,0
518,2024-06-01,Electronics,79.0,26606.600700213545,0
519,2024-06-02,Clothing,78.0,16374.228301776411,1
520,2024-06-03,Electronics,,25779.971056399227,0
521,2024-06-04,Home & Garden,69.0,27904.003834230323,0
522,2024-06-05,Books,55.0,35195.15274199299,1
523,2024-06-06,Electronics,78.0,,1
524,2024-06-07,Home & Garden,32.0,,0
525,2024-06-08,Electronics,75.0,26389.137915816853,1
526,2024-06-09,Electronics,75.0,29855.204169267516,0
527,2024-06-10,Home & Garden,63.0,19722.765748245634,1
528,2024-06-11,Electronics,69.0,,1
529,2024-06-12,Electronics,32.0,22842.139064600007,1
530,2024-06-13,Books,63.0,24188.86724045234,0
531,2024-06-14,Home & Garden,42.0,11018.003172193854,0
532,2024-06-15,Home & Garden,,32749.49111870628,1
533,2024-06-16,Clothing,41.0,36252.45263709095,1
534,2024-06-17,Electronics,74.0,15293.263068492523,1
535,2024-06-18,Books,75.0,13209.708423479518,0
536,2024-06-19,Electronics,22.0,18930.30415755848,1
537,2024-06-20,Electronics,,22291.20641455059,1
538,2024-06-21,Clothing,66.0,,1
539,2024-06-22,Electronics,60.0,21365.678040495888,1
540,2024-06-23,Books,65.0,24605.83401384411,0
541,2024-06-24,Books,61.0,11112.940628417558,0
542,2024-06-25,Clothing,,,1
543,2024-06-26,Electronics,40.0,5646.895078955723,0
544,2024-06-27,Books,21.0,35287.09566631988,0
545,2024-06-28,Electronics,44.0,22194.804530396614,0
546,2024-06-29,Electronics,35.0,37194.849104176064,1
547,2024-06-30,Electronics,38.0,12470.623059415127,0
548,2024-07-01,Clothing,45.0,22296.91639791668,0
549,2024-07-02,Electronics,52.0,24524.14087057,0
550,2024-07-03,Books,39.0,16632.41452528568,1
551,2024-07-04,Electronics,57.0,10130.298875105764,1
552,2024-07-05,Books,40.0,,0
553,2024-07-06,Electronics,20.0,44339.963972200414,0
554,2024-07-07,Books,57.0,18197.397423618506,1
555,2024-07-08,Books,67.0,28427.544264094613,1
556,2024-07-09,Electronics,27.0,,0
557,2024-07-10,Electronics,,13390.465441843528,0
558,2024-07-11,Books,69.0,,1
559,2024-07-12,Home & Garden,66.0,9626.89053700301,1
560,2024-07-13,Clothing,25.0,19096.267030702347,0
561,2024-07-14,Home & Garden,72.0,22974.999227976346,1
562,2024-07-15,Home & Garden,28.0,50292.85455034475,0
563,2024-07-16,Electronics,78.0,34485.5035278726,0
564,2024-07-17,Clothing,22.0,9545.977234253804,0
565,2024-07-18,Home & Garden,75.0,,1
566,2024-07-19,Electronics,62.0,22259.632142129412,0
567,2024-07-20,Home & Garden,70.0,,0
568,2024-07-21,Home & Garden,72.0,30028.570389447028,1
569,2024-07-22,Electronics,54.0,10888.326555514206,1
570,2024-07-23,Electronics,,17956.04388146226,0
571,2024-07-24,Electronics,76.0,27984.59261919364,0
572,2024-07-25,Clothing,62.0,30939.465313564113,1
573,2024-07-26,Home & Garden,55.0,23735.087956594474,1
574,2024-07-27,Electronics,46.0,19068.707121768446,1
575,2024-07-28,Books,22.0,20744.35339713587,0
576,2024-07-29,Home & Garden,,31894.968886843388,0
577,2024-07-30,Books,76.0,22403.005256098404,0
578,2024-07-31,Clothing,65.0,13083.095123814799,1
579,2024-08-01,Electronics,,11887.601058134325,0
580,2024-08-02,Books,,10458.614682138867,1
581,2024-08-03,Clothing,,,0
582,2024-08-04,Electronics,77.0,32982.45122051129,1
583,2024-08-05,Books,68.0,20884.36471883963,0
584,2024-08-06,Books,47.0,17555.169736875378,0
585,2024-08-07,Clothing,28.0,16531.699457331702,1
586,2024-08-08,Electronics,45.0,38048.56137577041,1
587,2024-08-09,Electronics,61.0,57080.43851859024,0
588,2024-08-10,Books,29.0,16273.66665948562,1
589,2024-08-11,Books,56.0,38917.829259704515,1
590,2024-08-12,Books,43.0,22337.149264058815,0
591,2024-08-13,Electronics,30.0,19806.897904834095,1
592,2024-08-14,Clothing,76.0,46728.38811011916,0
593,2024-08-15,Clothing,25.0,21914.79239527286,0
594,2024-08-16,Electronics,78.0,25544.625458441293,1
595,2024-08-17,Home & Garden,78.0,24937.724259544477,1
596,2024-08-18,Clothing,71.0,9771.256225614528,0
597,2024-08-19,Books,45.0,,0
598,2024-08-20,Home & Garden,75.0,16624.852408158305,0
599,2024-08-21,Home & Garden,47.0,10822.942114768404,0
600,2024-08-22,Clothing,26.0,17007.870045666154,0
601,2024-08-23,Home & Garden,56.0,16937.841930239894,0
602,2024-08-24,Home & Garden,48.0,36862.1762175017,1
603,2024-08-25,Clothing,75.0,12940.344517775742,1
604,2024-08-26,Clothing,38.0,14839.922294312828,1
605,2024-08-27,Home & Garden,73.0,24777.571061802013,0
606,2024-08-28,Books,64.0,11351.476633587852,1
607,2024-08-29,Electronics,51.0,15843.21514161852,0
608,2024-08-30,Home & Garden,72.0,9583.150051689352,0
609,2024-08-31,Home & Garden,48.0,,1
610,2024-09-01,Books,69.0,,0
611,2024-09-02,Home & Garden,42.0,21851.854640613896,0
612,2024-09-03,Home & Garden,29.0,34822.01775814511,0
613,2024-09-04,Electronics,18.0,15349.920259378028,0
614,2024-09-05,Electronics,72.0,18845.067653195834,0
615,2024-09-06,Electronics,39.0,12988.712633761526,0
616,2024-09-07,Clothing,57.0,,1
617,2024-09-08,Clothing,54.0,13900.895659763164,0
618,2024-09-09,Electronics,64.0,17218.760662677083,0
619,2024-09-10,Electronics,18.0,18171.36410077938,0
620,2024-09-11,Clothing,18.0,25446.056916316218,0
621,2024-09-12,Books,74.0,14106.507940968277,1
622,2024-09-13,Home & Garden,59.0,,1
623,2024-09-14,Home & Garden,71.0,28071.23444485064,0
624,2024-09-15,Electronics,59.0,17432.453795023026,0
625,2024-09-16,Books,38.0,14729.944089947905,0
626,2024-09-17,Clothing,,,1
627,2024-09-18,Electronics,34.0,19901.318573548066,1
628,2024-09-19,Books,39.0,24591.986446329414,1
629,2024-09-20,Books,55.0,48287.75163432431,1
630,2024-09-21,Books,52.0,22795.502215086428,0
631,2024-09-22,Clothing,62.0,16000.651503472158,1
632,2024-09-23,Clothing,,14108.816914561628,1
633,2024-09-24,Home & Garden,25.0,14384.394524408775,0
634,2024-09-25,Home & Garden,79.0,10600.080203552803,0
635,2024-09-26,Books,64.0,35114.58338335152,1
636,2024-09-27,Books,34.0,7210.983222945557,1
637,2024-09-28,Clothing,34.0,28114.828165394294,1
638,2024-09-29,Home & Garden,,14270.761127750378,1
639,2024-09-30,Books,43.0,17048.157164693403,0
640,2024-10-01,Home & Garden,30.0,14058.833263328033,0
641,2024-10-02,Home & Garden,34.0,45384.79108698497,1
642,2024-10-03,Books,,22206.88824063635,1
643,2024-10-04,Clothing,,32701.926271033444,1
644,2024-10-05,Books,65.0,42203.71077849918,1
645,2024-10-06,Books,31.0,23901.649135183005,1
646,2024-10-07,Home & Garden,62.0,12114.860452016914,0
647,2024-10-08,Books,23.0,,0
648,2024-10-09,Clothing,52.0,15197.344584989794,0
649,2024-10-10,Books,,17124.199526440294,1
650,2024-10-11,Clothing,31.0,21008.619894991003,1
651,2024-10-12,Clothing,64.0,20597.4421368453,0
652,2024-10-13,Home & Garden,25.0,27066.567684818605,0
653,2024-10-14,Electronics,78.0,29104.618354004408,1
654,2024-10-15,Electronics,32.0,20597.549921748043,0
655,2024-10-16,Home & Garden,71.0,26949.889039446625,1
656,2024-10-17,Books,78.0,16736.045282114705,1
657,2024-10-18,Home & Garden,44.0,42505.54907237378,0
658,2024-10-19,Clothing,30.0,,0
659,2024-10-20,Electronics,66.0,40078.41713387952,0
660,2024-10-21,Home & Garden,48.0,10529.819401372553,1
661,2024-10-22,Books,70.0,18211.278360881977,1
662,2024-10-23,Home & Garden,73.0,18666.969669147573,0
663,2024-10-24,Electronics,52.0,25323.697524612046,1
664,2024-10-25,Home & Garden,77.0,33891.12303181862,1
665,2024-10-26,Home & Garden,23.0,11793.483338701077,1
666,2024-10-27,Electronics,22.0,12657.541455082595,0
667,2024-10-28,Clothing,39.0,10927.588943703677,1
668,2024-10-29,Clothing,75.0,42620.56228709325,0
669,2024-10-30,Electronics,66.0,25560.474472308997,0
670,2024-10-31,Home & Garden,40.0,12807.860919898445,1
671,2024-11-01,Electronics,42.0,17649.320499738453,0
672,2024-11-02,Clothing,51.0,39770.49949958256,1
673,2024-11-03,Books,43.0,19166.90523041978,0
674,2024-11-04,Home & Garden,64.0,18609.098952935517,0
675,2024-11-05,Clothing,,14903.504216358548,1
676,2024-11-06,Home & Garden,43.0,13193.82034258631,0
677,2024-11-07,Electronics,37.0,39801.580646558796,0
678,2024-11-08,Books,23.0,50866.040258035166,0
679,2024-11-09,Electronics,23.0,13458.993167844706,1
680,2024-11-10,Books,76.0,44465.60129427015,1
681,2024-11-11,Home & Garden,67.0,17262.73294411854,0
682,2024-11-12,Home & Garden,,,0
683,2024-11-13,Electronics,21.0,,0
684,2024-11-14,Books,34.0,20485.27679861542,1
685,2024-11-15,Books,74.0,18695.330015560987,1
686,2024-11-16,Home & Garden,31.0,32877.39050751985,0
687,2024-11-17,Electronics,31.0,12645.081211228186,1
688,2024-11-18,Books,30.0,39086.43242371594,1
689,2024-11-19,Home & Garden,24.0,23656.7720187997,1
690,2024-11-20,Clothing,61.0,16500.14992024603,1
691,2024-11-21,Electronics,,16283.639943884173,0
692,2024-11-22,Clothing,32.0,11028.837850403963,1
693,2024-11-23,Electronics,36.0,,1
694,2024-11-24,Home & Garden,60.0,19302.33050201393,0
695,2024-11-25,Books,64.0,12956.504695949843,0
696,2024-11-26,Books,61.0,21531.397806928155,1
697,2024-11-27,Books,,27902.136509046766,1
698,2024-11-28,Electronics,34.0,,0
699,2024-11-29,Home & Garden,52.0,,0
700,2024-11-30,Clothing,36.0,,0
701,2024-12-01,Home & Garden,37.0,36376.97804029599,1
702,2024-12-02,Clothing,53.0,,1
703,2024-12-03,Electronics,52.0,47697.2290921294,0
704,2024-12-04,Electronics,49.0,73652.15313240812,1
705,2024-12-05,Clothing,75.0,17411.36101180463,0
706,2024-12-06,Clothing,65.0,17773.57462440683,1
707,2024-12-07,Clothing,61.0,19474.845530495928,0
708,2024-12-08,Home & Garden,,29668.795772630598,0
709,2024-12-09,Clothing,41.0,42744.03725568396,1
710,2024-12-10,Electronics,78.0,15892.39159928851,1
711,2024-12-11,Electronics,78.0,26652.070882597007,1
712,2024-12-12,Books,34.0,20579.204509552936,1
713,2024-12-13,Clothing,24.0,30003.056874510858,1
714,2024-12-14,Home & Garden,60.0,46851.05690281772,1
715,2024-12-15,Home & Garden,67.0,19532.516747418653,0
716,2024-12-16,Home & Garden,18.0,,1
717,2024-12-17,Books,52.0,31950.746956102525,0
718,2024-12-18,Electronics,49.0,14525.30225353807,0
719,2024-12-19,Home & Garden,53.0,,1
720,2024-12-20,Electronics,,32647.234130983383,0
721,2024-12-21,Books,23.0,25557.78962266558,0
722,2024-12-22,Clothing,,20934.210948975076,1
723,2024-12-23,Clothing,31.0,16515.57483020104,1
724,2024-12-24,Clothing,54.0,5167.028840080139,1
725,2024-12-25,Home & Garden,65.0,31230.81066639992,0
726,2024-12-26,Clothing,32.0,19409.621008389102,1
727,2024-12-27,Home & Garden,64.0,,1
728,2024-12-28,Books,79.0,26876.673008753845,1
729,2024-12-29,Books,21.0,16805.093664161544,1
730,2024-12-30,Home & Garden,57.0,37550.23983245589,0
731,2024-12-31,Electronics,76.0,39166.01568607676,1
732,2025-01-01,Clothing,33.0,19741.61439998013,0
733,2025-01-02,Clothing,45.0,40007.50869228916,1
734,2025-01-03,Clothing,33.0,16686.344550184225,0
735,2025-01-04,Home & Garden,79.0,23856.78362758777,0
736,2025-01-05,Books,21.0,29310.59090008328,0
737,2025-01-06,Clothing,62.0,32610.538826777414,1
738,2025-01-07,Books,43.0,30054.29698674859,0
739,2025-01-08,Clothing,45.0,18651.30525932987,1
740,2025-01-09,Clothing,49.0,38057.32369570243,1
741,2025-01-10,Home & Garden,62.0,20697.87544433687,1
742,2025-01-11,Electronics,19.0,16572.27369986238,1
743,2025-01-12,Home & Garden,,16694.4401252934,1
744,2025-01-13,Clothing,20.0,58104.25614926907,0
745,2025-01-14,Clothing,71.0,15199.35521629507,1
746,2025-01-15,Electronics,25.0,42016.49731598708,0
747,2025-01-16,Books,41.0,12484.79336723226,0
748,2025-01-17,Books,32.0,28112.02564125406,0
749,2025-01-18,Clothing,60.0,25553.810558529083,0
750,2025-01-19,Books,48.0,49543.85123174044,0
751,2025-01-20,Clothing,26.0,15879.735085929802,0
752,2025-01-21,Electronics,56.0,13831.002246086786,0
753,2025-01-22,Electronics,62.0,20779.96978950292,1
754,2025-01-23,Clothing,,50635.13159313524,0
755,2025-01-24,Electronics,25.0,14156.38106430329,1
756,2025-01-25,Home & Garden,24.0,6037.780061590479,0
757,2025-01-26,Home & Garden,73.0,22694.636969055497,0
758,2025-01-27,Electronics,,35410.42187281105,0
759,2025-01-28,Clothing,68.0,13267.822655964183,0
760,2025-01-29,Clothing,56.0,33656.654999463186,1
761,2025-01-30,Electronics,59.0,13121.987108808518,1
762,2025-01-31,Books,78.0,20470.10344538234,1
763,2025-02-01,Home & Garden,74.0,32091.32930890273,0
764,2025-02-02,Books,33.0,12164.38013499664,0
765,2025-02-03,Clothing,52.0,24119.035578974588,0
766,2025-02-04,Clothing,47.0,40436.44477305916,1
767,2025-02-05,Books,27.0,,0
768,2025-02-06,Electronics,55.0,,1
769,2025-02-07,Books,35.0,47068.49575924463,1
770,2025-02-08,Books,67.0,30613.49659700077,0
771,2025-02-09,Home & Garden,22.0,8688.677324324593,0
772,2025-02-10,Home & Garden,70.0,33932.2716755923,1
773,2025-02-11,Books,46.0,,1
774,2025-02-12,Books,56.0,24301.218541721337,1
775,2025-02-13,Clothing,77.0,36461.128597170704,0
776,2025-02-14,Home & Garden,51.0,16733.997503488845,0
777,2025-02-15,Home & Garden,60.0,9674.063264260158,0
778,2025-02-16,Clothing,79.0,46759.494076693634,0
779,2025-02-17,Electronics,62.0,39430.374930978884,0
780,2025-02-18,Home & Garden,40.0,21086.156063791183,0
781,2025-02-19,Home & Garden,22.0,33749.157254303565,1
782,2025-02-20,Electronics,47.0,18311.904271262563,1
783,2025-02-21,Home & Garden,23.0,23120.73443220061,1
784,2025-02-22,Home & Garden,73.0,20493.35627967428,0
785,2025-02-23,Electronics,75.0,18685.96445867221,1
786,2025-02-24,Electronics,78.0,26361.273256350578,0
787,2025-02-25,Books,63.0,12039.047304239528,0
788,2025-02-26,Clothing,61.0,19422.929587578186,1
789,2025-02-27,Clothing,21.0,25777.04732142046,0
790,2025-02-28,Electronics,46.0,55218.33616345335,1
791,2025-03-01,Electronics,40.0,,1
792,2025-03-02,Home & Garden,23.0,28574.686825522684,0
793,2025-03-03,Books,49.0,30184.21510914888,1
794,2025-03-04,Books,59.0,8618.278507949364,1
795,2025-03-05,Electronics,35.0,27045.23212550228,1
796,2025-03-06,Home & Garden,32.0,34205.52772896276,1
797,2025-03-07,Home & Garden,57.0,29564.403722426876,0
798,2025-03-08,Clothing,,21121.28064460734,1
799,2025-03-09,Clothing,49.0,26019.98090639358,1
800,2025-03-10,Home & Garden,26.0,23978.727176412376,1
801,2025-03-11,Clothing,54.0,,0
802,2025-03-12,Electronics,27.0,24261.843341896765,1
803,2025-03-13,Home & Garden,37.0,18333.124728002356,0
804,2025-03-14,Clothing,23.0,15484.408826405992,1
805,2025-03-15,Books,,76304.33087434337,1
806,2025-03-16,Home & Garden,73.0,41204.710437507005,1
807,2025-03-17,Home & Garden,76.0,12393.333299071715,0
808,2025-03-18,Books,20.0,26194.849809842068,0
809,2025-03-19,Electronics,,45661.58523762557,0
810,2025-03-20,Books,28.0,,0
811,2025-03-21,Home & Garden,60.0,,0
812,2025-03-22,Electronics,,,0
813,2025-03-23,Clothing,49.0,11646.413514333124,1
814,2025-03-24,Clothing,21.0,26629.506643825494,0
815,2025-03-25,Clothing,21.0,38488.82410925152,1
816,2025-03-26,Home & Garden,34.0,46818.03616058731,0
817,2025-03-27,Books,58.0,,0
818,2025-03-28,Electronics,36.0,76943.18086239211,0
819,2025-03-29,Clothing,22.0,7871.599991094763,1
820,2025-03-30,Electronics,49.0,26320.630883958103,0
821,2025-03-31,Home & Garden,39.0,10870.987692198547,0
822,2025-04-01,Clothing,73.0,23042.400983839656,1
823,2025-04-02,Home & Garden,23.0,16967.35741199985,1
824,2025-04-03,Books,52.0,,1
825,2025-04-04,Home & Garden,39.0,,1
826,2025-04-05,Home & Garden,18.0,14574.196936244014,0
827,2025-04-06,Books,37.0,15060.858818940509,1
828,2025-04-07,Electronics,39.0,57885.93693910987,0
829,2025-04-08,Books,65.0,27495.06654593461,0
830,2025-04-09,Books,72.0,9404.425419036514,1
831,2025-04-10,Home & Garden,28.0,29009.941702808035,0
832,2025-04-11,Electronics,30.0,19983.489144659205,1
833,2025-04-12,Clothing,76.0,22077.19697085407,0
834,2025-04-13,Books,59.0,33188.01437726782,1
835,2025-04-14,Electronics,20.0,,1
836,2025-04-15,Books,26.0,14336.924713648466,1
837,2025-04-16,Books,77.0,21701.337485861004,1
838,2025-04-17,Books,29.0,16763.25384402154,1
839,2025-04-18,Books,40.0,29686.00763976493,1
840,2025-04-19,Home & Garden,31.0,19611.03610096368,0
841,2025-04-20,Electronics,50.0,22350.98654650897,0
842,2025-04-21,Electronics,35.0,19242.21071209298,0
843,2025-04-22,Electronics,66.0,,1
844,2025-04-23,Books,76.0,51654.13363310285,0
845,2025-04-24,Home & Garden,,72793.58283174006,1
846,2025-04-25,Books,26.0,26596.79627884312,0
847,2025-04-26,Books,40.0,20952.53897416886,0
848,2025-04-27,Electronics,27.0,9918.744398689441,1
849,2025-04-28,Books,36.0,15059.900585358995,0
850,2025-04-29,Clothing,78.0,20673.996505652212,0
851,2025-04-30,Books,64.0,15405.323179501169,0
852,2025-05-01,Clothing,22.0,16237.028430637203,1
853,2025-05-02,Books,64.0,48421.28346348476,0
854,2025-05-03,Home & Garden,69.0,22345.838969984918,1
855,2025-05-04,Home & Garden,40.0,23367.606290685762,0
856,2025-05-05,Electronics,47.0,15723.390444053699,0
857,2025-05-06,Books,42.0,39686.73827519053,0
858,2025-05-07,Clothing,45.0,19805.41543304084,0
859,2025-05-08,Clothing,51.0,16976.20891763156,1
860,2025-05-09,Books,62.0,9992.844754789416,0
861,2025-05-10,Clothing,,21363.71162351003,1
862,2025-05-11,Home & Garden,65.0,16713.482351199546,1
863,2025-05-12,Clothing,64.0,51138.344326511826,0
864,2025-05-13,Electronics,42.0,,0
865,2025-05-14,Home & Garden,,11877.008513942872,1
866,2025-05-15,Home & Garden,31.0,12568.1784809943,1
867,2025-05-16,Home & Garden,59.0,19184.15932703293,0
868,2025-05-17,Books,74.0,14646.857001810864,0
869,2025-05-18,Books,63.0,24555.921059854707,0
870,2025-05-19,Home & Garden,75.0,18707.65833164684,0
871,2025-05-20,Books,47.0,,0
872,2025-05-21,Clothing,72.0,36608.90371931814,1
873,2025-05-22,Books,58.0,12937.550389390377,0
874,2025-05-23,Books,,36228.65325990624,0
875,2025-05-24,Home & Garden,31.0,15301.005020535844,1
876,2025-05-25,Electronics,52.0,64488.45048965254,0
877,2025-05-26,Electronics,69.0,49537.6360116349,0
878,2025-05-27,Electronics,65.0,20815.638456376255,1
879,2025-05-28,Clothing,51.0,,0
880,2025-05-29,Books,27.0,12364.280751431404,1
881,2025-05-30,Electronics,52.0,34091.871111860615,0
882,2025-05-31,Home & Garden,28.0,21694.165159970424,0
883,2025-06-01,Electronics,28.0,35011.55549129781,0
884,2025-06-02,Electronics,38.0,66311.22610212766,1
885,2025-06-03,Books,38.0,14985.053210198714,1
886,2025-06-04,Books,39.0,,1
887,2025-06-05,Books,,24252.62449885182,1
888,2025-06-06,Clothing,24.0,39041.474381213615,0
889,2025-06-07,Clothing,72.0,13763.42313793247,1
890,2025-06-08,Electronics,34.0,22411.116103714194,1
891,2025-06-09,Books,79.0,43696.43638853835,1
892,2025-06-10,Electronics,19.0,,0
893,2025-06-11,Home & Garden,,24776.700156524734,0
894,2025-06-12,Home & Garden,74.0,16813.685606450574,1
895,2025-06-13,Books,59.0,23437.16514550657,1
896,2025-06-14,Books,35.0,,0
897,2025-06-15,Home & Garden,71.0,24597.602404626625,1
898,2025-06-16,Books,76.0,13291.616790113865,1
899,2025-06-17,Clothing,,17143.54386817251,1
900,2025-06-18,Clothing,33.0,44949.5707413475,1
901,2025-06-19,Books,,25964.00531765336,0
902,2025-06-20,Home & Garden,68.0,33528.78369891819,0
903,2025-06-21,Electronics,35.0,24962.94127518525,0
904,2025-06-22,Books,52.0,33009.74282912732,1
905,2025-06-23,Books,,18068.528645918257,1
906,2025-06-24,Electronics,76.0,15006.58189159998,0
907,2025-06-25,Books,43.0,32268.566368619857,0
908,2025-06-26,Electronics,33.0,38703.565448362926,0
909,2025-06-27,Home & Garden,23.0,13944.763558116043,1
910,2025-06-28,Clothing,74.0,16515.053780578073,0
911,2025-06-29,Home & Garden,61.0,20300.21560449471,1
912,2025-06-30,Clothing,60.0,49509.126360974326,1
913,2025-07-01,Electronics,64.0,29189.599041206762,0
914,2025-07-02,Clothing,64.0,11361.168922251949,0
915,2025-07-03,Home & Garden,65.0,21025.864552405,1
916,2025-07-04,Clothing,59.0,19478.38410222681,0
917,2025-07-05,Electronics,29.0,12251.029117033642,0
918,2025-07-06,Clothing,77.0,20902.08181891106,1
919,2025-07-07,Books,30.0,19053.027278689846,1
920,2025-07-08,Home & Garden,21.0,18383.039242389124,1
921,2025-07-09,Books,,17967.310748717242,1
922,2025-07-10,Electronics,,45967.8158045397,1
923,2025-07-11,Clothing,19.0,,0
924,2025-07-12,Books,43.0,22580.354293061017,1
925,2025-07-13,Books,76.0,21388.691865787063,1
926,2025-07-14,Clothing,44.0,17111.252633534674,1
927,2025-07-15,Clothing,,22919.706519419542,0
928,2025-07-16,Home & Garden,32.0,22758.074808671347,1
929,2025-07-17,Books,25.0,22922.592229450027,1
930,2025-07-18,Books,24.0,14333.911307186252,1
931,2025-07-19,Electronics,64.0,19869.43194126891,0
932,2025-07-20,Home & Garden,72.0,32214.1455439637,1
933,2025-07-21,Electronics,63.0,20132.51974275013,1
934,2025-07-22,Books,57.0,23882.254110782633,1
935,2025-07-23,Electronics,77.0,23945.088299420793,0
936,2025-07-24,Books,29.0,27138.198831656264,0
937,2025-07-25,Books,30.0,29124.221401265393,0
938,2025-07-26,Electronics,79.0,20189.636256572307,0
939,2025-07-27,Electronics,60.0,13965.319384245,1
940,2025-07-28,Clothing,34.0,11975.78933878048,1
941,2025-07-29,Clothing,78.0,36638.07233164545,0
942,2025-07-30,Clothing,34.0,32374.463388294276,0
943,2025-07-31,Books,73.0,30475.621325126616,1
944,2025-08-01,Electronics,53.0,33044.21406795139,1
945,2025-08-02,Home & Garden,,20317.177879962648,0
946,2025-08-03,Books,25.0,,0
947,2025-08-04,Home & Garden,22.0,13491.245803701484,0
948,2025-08-05,Electronics,43.0,,0
949,2025-08-06,Books,33.0,40379.57409049483,1
950,2025-08-07,Home & Garden,53.0,17213.12704706434,0
951,2025-08-08,Home & Garden,45.0,37325.40730001459,0
952,2025-08-09,Clothing,71.0,20061.484962232815,1
953,2025-08-10,Clothing,46.0,15707.277137314522,1
954,2025-08-11,Clothing,,12744.022297368514,1
955,2025-08-12,Books,29.0,16414.54024806713,1
956,2025-08-13,Electronics,54.0,44762.20354549996,1
957,2025-08-14,Electronics,47.0,12808.892818309607,0
958,2025-08-15,Clothing,40.0,63473.22298937149,0
959,2025-08-16,Clothing,33.0,14468.024497139817,0
960,2025-08-17,Clothing,31.0,32047.516957597236,1
961,2025-08-18,Home & Garden,27.0,20483.487502672964,0
962,2025-08-19,Clothing,24.0,18764.465151975874,1
963,2025-08-20,Home & Garden,62.0,11664.31676575362,0
964,2025-08-21,Electronics,69.0,20969.064438625177,0
965,2025-08-22,Books,77.0,12343.155795231121,1
966,2025-08-23,Books,78.0,9501.561667356737,1
967,2025-08-24,Books,54.0,23383.813684458022,0
968,2025-08-25,Books,46.0,16031.141392319376,0
969,2025-08-26,Home & Garden,20.0,51132.43231136127,0
970,2025-08-27,Home & Garden,32.0,36315.8969736429,0
971,2025-08-28,Clothing,53.0,51468.02863492477,0
972,2025-08-29,Home & Garden,64.0,15670.865202129782,1
973,2025-08-30,Clothing,63.0,23577.988616864302,1
974,2025-08-31,Clothing,69.0,5941.188759284567,1
975,2025-09-01,Books,36.0,19131.64041469285,1
976,2025-09-02,Home & Garden,30.0,23138.407404151738,0
977,2025-09-03,Home & Garden,59.0,23790.081731967282,0
978,2025-09-04,Clothing,,21564.760320314243,1
979,2025-09-05,Clothing,54.0,,0
980,2025-09-06,Electronics,44.0,5672.462937505307,1
981,2025-09-07,Electronics,72.0,25037.02274139913,0
982,2025-09-08,Clothing,69.0,28049.32779020246,0
983,2025-09-09,Electronics,46.0,43002.46425607366,0
984,2025-09-10,Electronics,37.0,26485.93270317362,1
985,2025-09-11,Clothing,,,1
986,2025-09-12,Clothing,23.0,,1
987,2025-09-13,Home & Garden,53.0,6777.291976826734,1
988,2025-09-14,Clothing,19.0,17026.491517790128,0
989,2025-09-15,Clothing,39.0,15019.355425311995,0
990,2025-09-16,Books,49.0,,0
991,2025-09-17,Home & Garden,33.0,7336.767238624909,0
992,2025-09-18,Home & Garden,35.0,,1
993,2025-09-19,Home & Garden,22.0,19440.135538941122,0
994,2025-09-20,Books,71.0,25832.7499949948,0
995,2025-09-21,Clothing,53.0,24625.693117062157,0
996,2025-09-22,Home & Garden,47.0,41408.64471010071,1
997,2025-09-23,Home & Garden,62.0,,1
998,2025-09-24,Electronics,,23298.880303024707,1
999,2025-09-25,Home & Garden,40.0,39069.177284452766,0
1000,2025-09-26,Clothing,51.0,20973.32721196381,1
582,2024-08-04,Electronics,77.0,32982.45122051129,1
850,2025-04-29,Clothing,78.0,20673.996505652212,0
447,2024-03-22,Clothing,67.0,36395.05953605274,1
895,2025-06-13,Books,59.0,23437.16514550657,1
142,2023-05-22,Electronics,42.0,37860.749415539125,0
61,2023-03-02,Clothing,55.0,19840.67594712993,0
203,2023-07-22,Electronics,56.0,24010.905247997198,0
802,2025-03-12,Electronics,27.0,24261.843341896765,1
185,2023-07-04,Books,79.0,24563.393537482414,0
719,2024-12-19,Home & Garden,53.0,,1
607,2024-08-29,Electronics,51.0,15843.21514161852,0
675,2024-11-05,Clothing,,14903.504216358548,1
245,2023-09-02,Home & Garden,69.0,82188.36039762734,0
32,2023-02-01,Books,,24461.52244652327,1
668,2024-10-29,Clothing,75.0,42620.56228709325,0
14,2023-01-14,Books,64.0,39782.2623385254,0
994,2025-09-20,Books,71.0,25832.7499949948,0
3,2023-01-03,Home & Garden,37.0,28615.319734573623,1
374,2024-01-09,Clothing,,27361.0188699855,0
381,2024-01-16,Books,68.0,,0
5,2023-01-05,Books,72.0,18840.082359839333,1
160,2023-06-09,Electronics,37.0,21813.09268675938,1
718,2024-12-18,Electronics,49.0,14525.30225353807,0
963,2025-08-20,Home & Garden,62.0,11664.31676575362,0
964,2025-08-21,Electronics,69.0,20969.064438625177,0
370,2024-01-05,Electronics,38.0,26091.090748875205,1
656,2024-10-17,Books,78.0,16736.045282114705,1
836,2025-04-15,Books,26.0,14336.924713648466,1
924,2025-07-12,Books,43.0,22580.354293061017,1
960,2025-08-17,Clothing,31.0,32047.516957597236,1
877,2025-05-26,Electronics,69.0,49537.6360116349,0
777,2025-02-15,Home & Garden,60.0,9674.063264260158,0
807,2025-03-17,Home & Garden,76.0,12393.333299071715,0
154,2023-06-03,Clothing,56.0,22986.034543799844,0
30,2023-01-30,Clothing,72.0,14879.722788061159,1
28,2023-01-28,Books,64.0,53280.6094963936,0
579,2024-08-01,Electronics,,11887.601058134325,0
4,2023-01-04,Clothing,69.0,18717.35264366592,1
914,2025-07-02,Clothing,64.0,11361.168922251949,0
124,2023-05-04,Books,77.0,25269.943167604786,1
316,2023-11-12,Clothing,57.0,23179.82247039003,0
709,2024-12-09,Clothing,41.0,42744.03725568396,1
294,2023-10-21,Books,72.0,18595.11758919938,0
207,2023-07-26,Electronics,49.0,8969.910645414493,1
179,2023-06-28,Books,72.0,40613.47432007256,0
574,2024-07-27,Electronics,46.0,19068.707121768446,1
944,2025-08-01,Electronics,53.0,33044.21406795139,1
816,2025-03-26,Home & Garden,34.0,46818.03616058731,0
249,2023-09-06,Electronics,79.0,43896.123583213805,1
862,2025-05-11,Home & Garden,65.0,16713.482351199546,1
