id,date,category,value,price
1,2023-01-01, D ,,20.924373575522456
2,2023-01-02,d,15.285913918433202,19.116563790547495
3,2023-01-03,C,24.595772838450813,31.80228814662359
4,2023-01-04,d,16.06813732595557,17.372052345964256
5,2023-01-05,d,18.656702405130577,22.95868180286421
6,2023-01-06,B,28.50951686938471,23.590613576293425
7,2023-01-07,C,17.33735952947548,14.381674229790335
8,2023-01-08,C,89.67654246264252,32.98395314176433
9,2023-01-09,C,8.023374566164222,18.40311827368659
10,2023-01-10,d,,13.764976347056553
11,2023-01-11, D ,41.03968269896615,26.26546403781586
12,2023-01-12,C,98.23786169086064,12.81691789913399
13,2023-01-13,E,11.203890216805235,20.370557095459773
14,2023-01-14,d,39.785559904574164,19.99416541370363
15,2023-01-15,B,96.94704332753689,34.568670082498386
16,2023-01-16, D ,86.55071258939803,25.466124459998998
17,2023-01-17,E,81.707207094928,19.835763000898556
18,2023-01-18,E,25.790282704493983,30.23146137797114
19,2023-01-19,B,17.088758739006582,40.249749269205346
20,2023-01-20, D ,66.8643219924431,26.54669222177574
21,2023-01-21,d,92.93759891275857,20.189775439931125
22,2023-01-22,A,55.67628930139298,10.423698167050725
23,2023-01-23, D ,57.161268946989985,11.792257457727334
24,2023-01-24,B,27.997909366028416,17.242679003931823
25,2023-01-25,E,76.94929331919369,14.809130243728402
26,2023-01-26,d,18.704374855752338,18.292924550642628
27,2023-01-27, D ,32.367923640424365,20.66259296702455
28,2023-01-28,A,42.54364386164168,26.176089437210955
29,2023-01-29,A,50.7610378684455,19.389867018327195
30,2023-01-30,C,24.240973241508023,25.616862394030786
31,2023-01-31,C,11.483682473920354,20.743588425878446
32,2023-02-01,B,,7.480253762082749
33,2023-02-02, D ,28.863055324025577,12.557678398744997
34,2023-02-03, D ,58.123822142261226,18.689394466363957
35,2023-02-04,E,15.436271527420232,10.969872247330498
36,2023-02-05,E,48.114010185481746,27.111672778932824
37,2023-02-06,E,53.258943255158584,43.17991325514552
38,2023-02-07,C,5.182353682242691,36.94317516925789
39,2023-02-08, D ,33.660427819392055,18.052398638957662
40,2023-02-09, D ,13.441467693897424,42.32437107234733
41,2023-02-10,A,6.337497047276774,21.6354620187184
42,2023-02-11,C,98.99602323899452,16.970168601094066
43,2023-02-12,,32.235384497472296,14.780351069215435
44,2023-02-13,C,80.98744458546349,17.266447315065278
45,2023-02-14,d,25.464065476376383,16.542148704310257
46,2023-02-15,A,68.15027222239293,21.872018180148476
47,2023-02-16,B,76.02278598896865,21.764647747657932
48,2023-02-17, D ,59.56387406078443,20.11615070494927
49,2023-02-18,A,47.15761885501584,24.989833567811804
50,2023-02-19, D ,41.18409141472685,36.4274691636716
51,2023-02-20,E,34.88682665429953,32.29062911059938
52,2023-02-21,B,92.95291442478259,9.559649046526236
53,2023-02-22,B,83.06194077877291,5.601528083372034
54,2023-02-23,A,96.50269106665125,32.04560215246755
55,2023-02-24,B,12.429722348554472,10.140736724422776
56,2023-02-25,d,73.08674752036443,17.950487961575075
57,2023-02-26,B,93.83404568210378,11.189138007596553
58,2023-02-27, D ,18.123306616566015,8.15808761995723
59,2023-02-28, D ,6.6496267366777495,26.33058955094483
60,2023-03-01, D ,74.11206492900591,29.358366936669896
61,2023-03-02, D ,57.44731131799119,15.055521479649187
62,2023-03-03,d,84.1828776758272,5.498519388617757
63,2023-03-04,C,13.97723766262895,15.285088967074653
64,2023-03-05,E,79.52673118598902,24.432201668057424
65,2023-03-06,,20.162732004774455,9.588305852881351
66,2023-03-07, D ,16.36559428657045,22.014029615198268
67,2023-03-08,B,16.426579793099293,19.932370638873273
68,2023-03-09, D ,81.45747202313821,26.833356250194104
69,2023-03-10,B,66.51972206962002,21.323082773124977
70,2023-03-11,E,52.30654247691193,12.347647135249579
71,2023-03-12,E,35.88304841235025,36.53554969473171
72,2023-03-13,E,87.72005408131082,18.554924276716235
73,2023-03-14,,39.244510742263536,19.813187081825234
74,2023-03-15, D ,81.65994394715771,12.595832691272527
75,2023-03-16,E,43.91349085702184,16.092589304926587
76,2023-03-17,,37.69444294249076,12.904791067366455
77,2023-03-18,B,46.26797856696064,18.421656754771462
78,2023-03-19,,30.13778741641421,47.26897875525698
79,2023-03-20, D ,74.76093801762511,10.115303028845343
80,2023-03-21,B,50.27203900924791,8.964024607315888
81,2023-03-22,B,,41.91254409006437
82,2023-03-23,E,89.95745732745685,18.089617617926457
83,2023-03-24, D ,38.38912213732114,14.374612512530357
84,2023-03-25,E,54.35528611139886,33.782818461288755
85,2023-03-26,E,90.6472110964547,14.838011460344925
86,2023-03-27, D ,62.42379959139921,50.04911667595745
87,2023-03-28,A,11.689804070836407,28.189876825293567
88,2023-03-29,E,,15.737466897095617
89,2023-03-30,d,62.770805307141785,59.06591989919228
90,2023-03-31,d,33.49056146570861,14.837274153640609
91,2023-04-01,B,13.927207266338726,29.10900818817019
92,2023-04-02,d,79.4025189270296,23.32781184590541
93,2023-04-03,B,62.00727559285135,38.50817839964715
94,2023-04-04,A,53.34610919763215,43.849161576074074
95,2023-04-05, D ,89.38925830509577,20.40953256963679
96,2023-04-06, D ,,13.781003210062456
97,2023-04-07, D ,15.167487973275119,25.279304864943377
98,2023-04-08,d,31.172206779554823,14.312629296982324
99,2023-04-09,A,24.848913981446575,54.96483536536757
100,2023-04-10,,74.3946292572677,21.504617199475483
101,2023-04-11,d,3.353243473577938,16.732270571410808
102,2023-04-12,A,,22.028567922912657
103,2023-04-13,A,76.24586857406905,10.241384906429841
104,2023-04-14,A,,12.356632713684249
105,2023-04-15,A,34.20817487159075,36.60580937747636
106,2023-04-16, D ,82.12573046720128,14.462409869901407
107,2023-04-17,C,11.063173695520723,11.900072691866422
108,2023-04-18,C,84.64522917345182,26.267340889903647
109,2023-04-19,,12.748866233198243,36.33756582349695
110,2023-04-20,C,39.72872905603673,28.774128151558248
111,2023-04-21,C,,33.05007524188794
112,2023-04-22,A,14.991742734877377,13.757752119001383
113,2023-04-23,C,22.92513952326415,9.8660016162239
114,2023-04-24,d,72.22525683930662,42.549445617889766
115,2023-04-25,B,72.00365365460743,17.092847148322292
116,2023-04-26,B,64.11476328852973,17.718042873760613
117,2023-04-27,A,69.39484444671,39.020887158252634
118,2023-04-28, D ,54.27244433475962,26.525724678211642
119,2023-04-29,A,25.179905890695274,25.227732514973596
120,2023-04-30, D ,34.56959935039195,59.29358802697986
121,2023-05-01,B,18.159771680142565,14.559458990174091
122,2023-05-02,A,90.84505613336283,31.94194588411709
123,2023-05-03,E,58.339179476612046,20.66634563463903
124,2023-05-04,d,40.08514167636399,22.972460740920667
125,2023-05-05,C,46.20058036441327,43.13066431694723
126,2023-05-06, D ,94.72833396118153,25.89158152293624
127,2023-05-07,E,15.33514031160802,26.28893266825234
128,2023-05-08,,58.62298320167972,34.338036260943056
129,2023-05-09,C,50.5888678884466,16.73535646875623
130,2023-05-10,A,61.14542354346478,13.20235425486269
131,2023-05-11,C,1.8110183820840509,11.912584984187289
132,2023-05-12,d,87.21239089441515,7.514403949673607
133,2023-05-13,E,93.21182824836124,56.154317190526406
134,2023-05-14,C,56.51331835892089,11.56977179480202
135,2023-05-15,A,69.66508238768922,17.9820347168835
136,2023-05-16,d,92.24993811772957,17.48937143862275
137,2023-05-17,B,70.72386343133986,23.42264639251931
138,2023-05-18,E,15.253904291426135,30.200805803792633
139,2023-05-19,C,57.62883601668132,30.883953480494377
140,2023-05-20,A,60.67150463828559,15.006167461771858
141,2023-05-21,,42.4130671302386,18.475381998084107
142,2023-05-22,B,73.64442356247228,23.133689506117
143,2023-05-23, D ,93.43670147690149,17.737028089839132
144,2023-05-24,d,92.55685129067763,44.86566433263726
145,2023-05-25,C,45.08393714041321,25.674222572885938
146,2023-05-26,A,11.323804584075525,29.004149124900735
147,2023-05-27, D ,98.48411989623345,27.97861964344662
148,2023-05-28,d,83.88980864459342,36.11603424872621
149,2023-05-29, D ,12.466268120326685,21.988306280756568
150,2023-05-30,E,92.08418826173724,10.502192301849506
151,2023-05-31,d,86.98963620621282,24.528702829172335
152,2023-06-01,d,51.88380571260721,14.50250732008076
153,2023-06-02,C,,15.420405412394171
154,2023-06-03,d,39.90027038701302,26.928413938488216
155,2023-06-04, D ,5.476163882203133,37.305528607885684
156,2023-06-05,d,33.519724164590095,20.300302519355988
157,2023-06-06,C,80.28534485980114,23.439356383721684
158,2023-06-07,C,0.4632023004602859,47.04513557724684
159,2023-06-08,E,33.34991716911442,22.654909643548706
160,2023-06-09, D ,39.81686935909433,73.76184238862486
161,2023-06-10,B,53.73956029379229,26.6490851799364
162,2023-06-11,B,,8.327960767795686
163,2023-06-12,d,34.634599436596126,29.273152837057516
164,2023-06-13,E,34.69532018962277,24.302499191414565
165,2023-06-14,A,73.75012481097484,38.2780405144324
166,2023-06-15,d,45.221794088980715,28.123082365357458
167,2023-06-16,E,,18.742093959625592
168,2023-06-17, D ,45.24395161326934,495.7103063694234
169,2023-06-18, D ,14.085702037979985,18.09233506226386
170,2023-06-19, D ,17.63869865062233,13.127900478421283
171,2023-06-20, D ,49.83677727394797,15.025342493915923
172,2023-06-21, D ,41.89254495045479,26.958245396939482
173,2023-06-22,E,91.48459010681,46.29121731027034
174,2023-06-23,E,36.23938991166331,24.467256759849278
175,2023-06-24,,58.05883502780434,11.04589061756427
176,2023-06-25,B,63.22642879195304,25.08578457509031
177,2023-06-26, D ,1.3094456588333636,36.53664550329468
178,2023-06-27,A,66.35373720167107,14.807125947600207
179,2023-06-28,E,17.803596686975144,18.78373651901532
180,2023-06-29,A,96.10703174694551,20.23359005483277
181,2023-06-30,A,14.866272775311295,13.565785400261491
182,2023-07-01,A,41.462412372702374,27.775107805989673
183,2023-07-02,,8.534966807864386,18.906880920880802
184,2023-07-03,E,99.68742518459473,24.77329409527912
185,2023-07-04,A,50.21950103312426,12.887449245978736
186,2023-07-05, D ,59.53850173200438,16.13951882529605
187,2023-07-06,d,6.7076477388427485,28.82348997732465
188,2023-07-07,A,74.99604703991778,16.66954536848044
189,2023-07-08,C,20.990559309558577,47.63091025628919
190,2023-07-09,E,89.80542894407138,16.44763844272115
191,2023-07-10,C,,22.473624179210443
192,2023-07-11,,19.068772066366655,32.0179094301917
193,2023-07-12,E,3.654966784809488,495.7103063694234
194,2023-07-13,d,,8.32776900694373
195,2023-07-14,A,56.48411332626164,9.366802999898324
196,2023-07-15,C,6.570863942835237,37.761575018921484
197,2023-07-16,B,77.55276166950105,15.242246187873931
198,2023-07-17, D ,,72.17542708131764
199,2023-07-18,C,52.439026932758004,15.148116498137831
200,2023-07-19,E,44.07627469382282,22.027147096720018
201,2023-07-20,A,40.0763060875326,43.42585392440352
202,2023-07-21, D ,,54.764733859387135
203,2023-07-22,A,15.52402459307125,56.30322344589016
204,2023-07-23,E,18.19281304952711,36.75164973121406
205,2023-07-24,A,86.17856210135173,33.51627906056238
206,2023-07-25,B,94.61154621336327,27.01152088937958
207,2023-07-26, D ,37.330931627975296,29.64165211014897
208,2023-07-27, D ,27.074467314355378,15.247371717943722
209,2023-07-28,E,64.39995432390158,13.341781246381661
210,2023-07-29,B,40.87341710980964,20.0516766018117
211,2023-07-30,C,2.538635566034486,18.447109448185213
212,2023-07-31,A,15.615259736619036,16.01276113579689
213,2023-08-01,d,71.59722288473975,28.451296301320262
214,2023-08-02,A,65.89239419101514,32.3836156242875
215,2023-08-03,A,2.709599250348349,20.993302182213085
216,2023-08-04,C,22.197216193294945,42.04603294241047
217,2023-08-05,A,23.10747965880714,11.349292905742804
218,2023-08-06,B,67.18927435987284,18.231853751080898
219,2023-08-07,B,1.9710537754364155,14.035486038848175
220,2023-08-08, D ,10.410858198457385,7.89896463057829
221,2023-08-09,E,79.99160853731894,19.272123182509574
222,2023-08-10,d,17.85446620543336,18.899325730765963
223,2023-08-11,A,65.27461078518748,42.8079944611615
224,2023-08-12,A,23.81827810467265,27.533566002507598
225,2023-08-13,C,9.944139275934516,12.03605330837567
226,2023-08-14,E,24.317219099945408,50.75683472138315
227,2023-08-15,B,72.22669318556592,36.98516357476617
228,2023-08-16,d,85.56964681062857,26.871032609943633
229,2023-08-17, D ,83.02198645669915,17.935068863193887
230,2023-08-18,B,39.71835296184548,12.432081902447012
231,2023-08-19,E,66.80851365706462,16.674766887843898
232,2023-08-20, D ,20.498429541582098,34.618018411515
233,2023-08-21,C,29.314773026101328,51.536647315729645
234,2023-08-22,C,89.63358185211197,43.45047414743998
235,2023-08-23,A,1.3001923510736035,15.730087648381108
236,2023-08-24,E,8.550853085446807,11.475235554434612
237,2023-08-25,d,20.78862551460273,21.55145051263517
238,2023-08-26, D ,2.6532203873819715,8.296056797027447
239,2023-08-27,B,18.143543508979732,23.607957964854393
240,2023-08-28,E,58.304156096969216,18.656576417414932
241,2023-08-29,E,42.1424550592498,15.910539465000172
242,2023-08-30,C,89.26717110769748,9.048947624517911
243,2023-08-31,A,81.7443561738441,25.966313238752274
244,2023-09-01,A,34.1817351697876,15.38894785734465
245,2023-09-02,,25.94234334312925,11.190235661878726
246,2023-09-03,C,37.96924081672669,4.7772682788436605
247,2023-09-04,E,59.02949425148078,19.811103185515375
248,2023-09-05,d,26.806364082287626,48.721762474625486
249,2023-09-06,C,62.4148907849134,46.09154867497659
250,2023-09-07, D ,40.941165219124045,15.98182072698938
251,2023-09-08, D ,55.204718085198024,14.863283390355551
252,2023-09-09,C,43.61265291353167,25.390805696411526
253,2023-09-10, D ,29.44657595419177,12.192332620116545
254,2023-09-11,C,,23.35698189493108
255,2023-09-12,B,76.36057941597608,29.46019821219738
256,2023-09-13,C,14.011317576645254,37.09442214974395
257,2023-09-14,C,86.84679758979128,19.10448189587777
258,2023-09-15, D ,48.743119824951364,18.140792376578375
259,2023-09-16, D ,89.45522268940914,12.94887234336618
260,2023-09-17,A,79.98552559473153,13.283993616582165
261,2023-09-18,A,42.52135044692334,17.935115556742875
262,2023-09-19,,2.24693083201174,24.135475085150937
263,2023-09-20,A,26.867735938494608,31.71508112804945
264,2023-09-21,C,54.16342146608669,13.442354754009378
265,2023-09-22, D ,63.347821982614725,42.36592080605145
266,2023-09-23,A,25.788768543320227,17.539196906244218
267,2023-09-24,A,13.935607407282413,19.87209234688328
268,2023-09-25,B,83.4930236799299,13.823833399193214
269,2023-09-26,E,98.44021807035521,5.976767499350144
270,2023-09-27,,52.56901823026858,31.2501038126135
271,2023-09-28,C,17.16792858483035,29.032675833210522
272,2023-09-29, D ,27.230732651936897,17.44994019533086
273,2023-09-30,B,1.8390676547466733,20.76970342156357
274,2023-10-01,A,91.4298806560499,25.996700051029084
275,2023-10-02, D ,11.775108289014113,9.195618048906969
276,2023-10-03, D ,57.651647551425356,15.417044164351502
277,2023-10-04,A,27.4055220687206,29.878296277417338
278,2023-10-05,B,55.417800251579344,10.727980072071897
279,2023-10-06,A,65.14203883518643,23.261019252103576
280,2023-10-07,E,82.97418037072016,10.193080397625177
281,2023-10-08, D ,20.64212717606032,25.361061633607346
282,2023-10-09,d,1.0995828658480478,19.730768277811983
283,2023-10-10,d,13.688563006880727,495.7103063694234
284,2023-10-11,C,90.00186418481051,35.958650361128704
285,2023-10-12,A,87.38900775625153,13.911338285183103
286,2023-10-13,A,59.74131021703083,13.394896570856414
287,2023-10-14,C,60.051686043365336,22.204269686704677
288,2023-10-15,C,66.50366745462554,35.670309450846986
289,2023-10-16,C,17.53712786234496,12.086499555782252
290,2023-10-17, D ,91.44119459249598,20.714624013621766
291,2023-10-18,E,41.87705248920731,24.88855975159947
292,2023-10-19,A,38.31385282494975,28.40464828074416
293,2023-10-20, D ,51.89177052828376,21.93801063224266
294,2023-10-21,C,4.696596677505505,16.718001624678298
295,2023-10-22,A,16.628336875607943,13.279279521475972
296,2023-10-23, D ,73.80336164263704,20.96956166047966
297,2023-10-24,E,8.279866792512646,11.750907762713519
298,2023-10-25, D ,60.31521094663882,4.661441608077047
299,2023-10-26,E,24.534910968132095,24.985106368433815
300,2023-10-27,C,38.929561404197656,31.56242783266357
301,2023-10-28,E,28.869373677069987,6.162815792217407
302,2023-10-29,A,35.567271646494916,12.12336579134979
303,2023-10-30,C,71.90459051842456,27.373547585798615
304,2023-10-31,A,29.7121715623175,56.190501763866905
305,2023-11-01,d,56.64046402968972,20.295452655531076
306,2023-11-02,B,47.60504021990997,13.957242223867896
307,2023-11-03,E,66.36711653626482,18.33023311501639
308,2023-11-04,,93.6829739324758,39.942391742171694
309,2023-11-05,B,73.25720972102503,14.541664028565014
310,2023-11-06,E,21.494037859075675,13.469178439277819
311,2023-11-07,C,3.1183135061284672,15.778184197172147
312,2023-11-08,d,26.22640442998251,12.47012390476394
313,2023-11-09,A,,21.356051838751505
314,2023-11-10, D ,5.1425813484250344,45.25617972070915
315,2023-11-11,,49.636624720123635,23.60691403141948
316,2023-11-12, D ,59.68428489168892,17.70457797754859
317,2023-11-13,A,33.424389081696084,17.35870944151505
318,2023-11-14,E,77.09122037458219,9.192653161732117
319,2023-11-15,d,10.65982531337718,31.235488132776197
320,2023-11-16, D ,7.513778173580876,19.318851898856874
321,2023-11-17,C,72.81887562036033,18.352394256904784
322,2023-11-18,A,49.549131620619846,99.14206127388468
323,2023-11-19,A,68.84023964277361,23.321518011182047
324,2023-11-20, D ,43.48273386037462,13.792217377853573
325,2023-11-21,C,24.640203323910683,16.229347897717627
326,2023-11-22,C,81.91023176741997,35.66689168140651
327,2023-11-23,E,79.94158789689793,21.2559149083928
328,2023-11-24,E,69.46964708544267,9.785101862314407
329,2023-11-25,E,27.21451372299627,31.8047123936735
330,2023-11-26,E,59.023066686908706,14.381288576733276
331,2023-11-27,E,36.09738969400268,51.24658020622811
332,2023-11-28,E,9.158207332663416,34.467747539362456
333,2023-11-29,d,91.73135754622427,16.060117939484314
334,2023-11-30,C,13.68186309189614,38.11119918743264
335,2023-12-01,E,95.02373538208025,20.77868611367387
336,2023-12-02,C,44.600577295795574,495.7103063694234
337,2023-12-03,,18.513292883861965,25.594216516732967
338,2023-12-04,B,54.190094737835814,13.155259919219638
339,2023-12-05,d,87.29458358764083,495.7103063694234
340,2023-12-06,,73.22248864095612,33.615269353690095
341,2023-12-07,A,80.65611478614497,16.989785897835514
342,2023-12-08, D ,65.87833667107174,16.41467527225068
343,2023-12-09,A,69.22765645178525,12.458943398998684
344,2023-12-10,d,84.91956515653193,24.823717148283226
345,2023-12-11, D ,24.966800885918595,56.33198322916443
346,2023-12-12,d,48.942496364314046,11.778001865052154
347,2023-12-13,C,22.120944181960223,20.33024600864063
348,2023-12-14, D ,98.7668007996647,40.6952052225013
349,2023-12-15,C,94.40593396866133,19.301432276542503
350,2023-12-16,A,3.94268113685059,25.18342142665672
351,2023-12-17,A,70.55751725156884,11.808306634933524
352,2023-12-18, D ,92.52483174156659,24.882221403796
353,2023-12-19, D ,18.057534512733355,18.29134262846394
354,2023-12-20,E,56.79452305526295,32.8800140611992
355,2023-12-21,d,91.54882975880419,36.36813669564703
356,2023-12-22,E,3.394597858579884,73.3162166417469
357,2023-12-23,d,69.742026724684,26.83794076666761
358,2023-12-24,E,29.734900737255078,23.639006331289515
359,2023-12-25,C,92.43961953765304,22.135710204115263
360,2023-12-26, D ,97.10582451653677,16.834272760233674
361,2023-12-27,A,94.42664891134339,23.789443259040755
362,2023-12-28,d,47.42142166574638,17.327577282910006
363,2023-12-29,d,86.20426509893134,21.85064603961214
364,2023-12-30,A,84.45493985350704,38.814689401529755
365,2023-12-31,E,31.910047324325564,12.142706692880614
366,2024-01-01,d,82.89154741506773,35.51443666961307
367,2024-01-02,C,3.700763471549262,38.80532710284208
368,2024-01-03, D ,59.6269878482053,18.934122859295417
369,2024-01-04,,23.000883728770305,6.952300072402613
370,2024-01-05, D ,12.056688577727881,14.821650841126443
371,2024-01-06,d,7.695320162920916,38.4168925600932
372,2024-01-07,d,69.62887758781397,19.857186240583115
373,2024-01-08,A,33.98749637680661,12.186744977642551
374,2024-01-09,C,72.47667715287615,15.605330262458201
375,2024-01-10,B,6.535634079894237,30.578893413958866
376,2024-01-11,A,31.529033783061035,26.40007323233983
377,2024-01-12,B,53.949129237533725,17.823787658075915
378,2024-01-13,E,,16.719702159864408
379,2024-01-14,B,31.875250293206992,16.512553758672027
380,2024-01-15,C,62.58913764370091,12.6644000009357
381,2024-01-16,E,88.5977748236187,45.046164636923265
382,2024-01-17,B,61.58631881823046,17.09591874935854
383,2024-01-18,E,23.295947475363377,36.91357097054881
384,2024-01-19,B,2.440078155653802,42.9766964583855
385,2024-01-20,C,87.00988739009298,33.0874960798184
386,2024-01-21,B,2.126941085038714,16.18669880626152
387,2024-01-22,B,87.47016726841994,24.578327167453903
388,2024-01-23,B,52.8937134027212,19.844009968948242
389,2024-01-24,A,93.90676985128962,12.783420650059236
390,2024-01-25,A,79.87832357736654,495.7103063694234
391,2024-01-26,A,99.79341105333374,11.139307892420078
392,2024-01-27,C,35.071181545171015,36.373471145015756
393,2024-01-28,E,76.71882889311269,15.921833626866535
394,2024-01-29,d,40.193091360924214,22.210826005927654
395,2024-01-30,B,47.98756203039088,23.14187936844898
396,2024-01-31,B,62.75054632183701,17.646677343205265
397,2024-02-01,C,87.36771141863387,26.932854567388233
398,2024-02-02,B,98.40834691992951,15.840154999949291
399,2024-02-03,A,76.82734138645182,31.051547581406297
400,2024-02-04,d,41.77667821673337,10.24725802331354
401,2024-02-05, D ,42.13570022770702,21.39569620258231
402,2024-02-06,B,73.75823015888915,52.95616519404948
403,2024-02-07,A,23.877714576830233,12.180475947859193
404,2024-02-08, D ,11.047411313139467,14.312417466106316
405,2024-02-09,d,35.462215764077655,25.970309022888724
406,2024-02-10, D ,28.723899165408174,21.97248285075907
407,2024-02-11,A,,23.934359191852153
408,2024-02-12,E,23.360775104990992,25.65128236422806
409,2024-02-13,E,4.209318963636188,27.587443795989156
410,2024-02-14, D ,1.787393473341381,34.98256942390291
411,2024-02-15,C,98.77223897360315,24.653264565752636
412,2024-02-16, D ,42.77731337358623,17.803074599497556
413,2024-02-17,B,38.432664715968166,28.114539166796998
414,2024-02-18,B,67.96472826930699,51.93230104805926
415,2024-02-19,E,21.825388786506416,18.7967339148268
416,2024-02-20,C,94.99611839502253,12.338634397740531
417,2024-02-21,A,78.6345014415552,34.93678671378422
418,2024-02-22,B,,18.91224163637606
419,2024-02-23,,41.75807757849284,6.777885817473226
420,2024-02-24,d,87.91183075621647,30.68306392147868
421,2024-02-25,E,94.47320222914102,15.368745082625884
422,2024-02-26,B,46.74015112498697,19.196603432901824
423,2024-02-27,B,,23.712211421185273
424,2024-02-28,E,16.70339460920752,22.092757500181737
425,2024-02-29,A,99.11686261369765,28.63775375199515
426,2024-03-01, D ,23.16717013834434,16.15543967139375
427,2024-03-02,B,94.27317741351257,25.9598963484728
428,2024-03-03,E,64.96466489923685,17.641016280776554
429,2024-03-04,E,60.773679487885914,29.061237468031855
430,2024-03-05,C,51.26885110165086,27.32176786073971
431,2024-03-06, D ,23.06698117177587,12.582168950089669
432,2024-03-07,d,17.652803200550828,34.57016608000212
433,2024-03-08,A,22.048620907017536,15.363864289762327
434,2024-03-09,d,18.643826214425452,30.0850659003097
435,2024-03-10, D ,77.95844735667534,24.134531485989054
436,2024-03-11, D ,,50.354693807154185
437,2024-03-12, D ,5.784267656339637,17.962154358283446
438,2024-03-13,d,96.91026301408114,16.866705701501477
439,2024-03-14, D ,88.37858849634257,19.891454095493714
440,2024-03-15,E,92.77522831952129,17.26031798265911
441,2024-03-16,d,99.49078226464353,29.963229632028956
442,2024-03-17, D ,17.38952492194873,8.951711076822233
443,2024-03-18,E,,11.85985052766882
444,2024-03-19,C,75.82384757040913,11.776411898991947
445,2024-03-20, D ,69.60206180537922,32.302796195014736
446,2024-03-21,d,15.389590633985506,47.243103531937564
447,2024-03-22,B,81.58331249906178,19.063497688039224
448,2024-03-23, D ,22.444057183666068,18.459684508933112
449,2024-03-24,B,22.38176148226231,20.801520428432887
450,2024-03-25,E,53.69744228934136,35.9072473550098
451,2024-03-26,C,59.293993484170315,12.633138901316324
452,2024-03-27,,58.00862078378112,22.627918853568847
453,2024-03-28,C,9.148683739775487,495.7103063694234
454,2024-03-29, D ,87.74608626303804,25.804453284784586
455,2024-03-30,B,26.560004258870606,22.08261855380174
456,2024-03-31,B,12.951492128280417,33.13277740337781
457,2024-04-01,d,88.87480798689772,5.19857138142884
458,2024-04-02,B,95.56514982297534,28.18916430967284
459,2024-04-03,d,86.21276172654507,14.482806082872468
460,2024-04-04,E,80.95160747248781,8.042046186116199
461,2024-04-05,A,65.52419806390218,25.93520467876761
462,2024-04-06, D ,55.08573706091393,39.91807674616802
463,2024-04-07,d,8.698675991141014,18.751537380581784
464,2024-04-08,A,40.845321307069874,32.34428272864616
465,2024-04-09,B,37.2688517012314,44.976454926901425
466,2024-04-10,B,25.97537837603262,38.76265281624224
467,2024-04-11,A,72.3420113688585,45.603399523052765
468,2024-04-12,B,49.58757350787708,29.10947566895184
469,2024-04-13,E,8.104621590764793,20.857567237528073
470,2024-04-14,E,22.018320194981133,9.016147118102774
471,2024-04-15,A,68.32587636595959,17.760355529827546
472,2024-04-16,d,7.613085949030019,13.17573265464376
473,2024-04-17,d,85.12069140487687,59.469962833069786
474,2024-04-18,,49.51465270139743,18.394599089521286
475,2024-04-19,d,48.0586577326648,21.36175990795111
476,2024-04-20,d,59.24077846595176,26.462871841999135
477,2024-04-21,,82.46809659251491,20.52823433488166
478,2024-04-22,d,34.780920790219305,46.876923598443135
479,2024-04-23,C,67.80161525590636,14.712174070923838
480,2024-04-24, D ,,22.138180174281768
481,2024-04-25,B,26.70282701694213,13.856642314352134
482,2024-04-26,C,87.8629986355158,10.381119716235705
483,2024-04-27,d,79.74260216069281,14.792428389364941
484,2024-04-28,E,65.84518346584255,19.717007762420057
485,2024-04-29,A,85.05817290942419,16.20547078068939
486,2024-04-30,d,86.72942009598023,14.207777274484513
487,2024-05-01,E,70.83629767150347,9.942726393942536
488,2024-05-02,,83.7013328363672,19.26802938213623
489,2024-05-03,d,,9.465369410287892
490,2024-05-04,A,68.01407717603004,29.371592973146942
491,2024-05-05,E,61.86113782151843,20.93076061021576
492,2024-05-06,E,75.27166395576413,9.691258079758429
493,2024-05-07,E,15.86051052930737,17.208362567941425
494,2024-05-08, D ,88.08707591989284,13.789698076764337
495,2024-05-09,d,87.1843527745232,23.560869295838224
496,2024-05-10, D ,2.9247283034559146,39.26074728836146
497,2024-05-11,B,82.58167505647627,7.864931013767614
498,2024-05-12,B,12.886986747344519,21.274582271907143
499,2024-05-13,d,33.51188542591419,18.540056400229908
500,2024-05-14, D ,74.35082562916078,28.097203118183945
501,2024-05-15,A,16.07598960483082,22.34490462578703
502,2024-05-16,E,81.79670241190622,13.790987983057267
503,2024-05-17,E,83.21341779577419,17.123863760011435
504,2024-05-18,d,50.746773376083624,13.490518044543942
505,2024-05-19,B,,34.398177017551134
506,2024-05-20,B,28.703813317491278,20.300709259641142
507,2024-05-21,E,61.69269183757422,51.9662953911495
508,2024-05-22,d,98.11861780274235,19.48548039499668
509,2024-05-23, D ,,14.094668658334285
510,2024-05-24,B,25.98035810641598,9.422899122321056
511,2024-05-25, D ,63.40057030996113,8.153360404736931
512,2024-05-26,B,53.99853797158555,9.096884829591785
513,2024-05-27,B,77.98453951511436,22.95563236856373
514,2024-05-28,C,10.698063882695841,25.90309634642484
515,2024-05-29,,76.1027902502028,9.110290957203155
516,2024-05-30,A,54.12665786761103,31.42234163794979
517,2024-05-31,d,96.29920038589947,15.7756793765354
518,2024-06-01,d,34.187216603868606,21.615194273751825
519,2024-06-02, D ,63.26218931339481,44.97515895502381
520,2024-06-03,B,93.20281055100175,31.4506502287513
521,2024-06-04,A,,17.561950810826062
522,2024-06-05, D ,93.72284872364511,12.863629198688539
523,2024-06-06,C,68.78857223008133,6.848929066093326
524,2024-06-07, D ,6.78370591051719,14.019137218536875
525,2024-06-08, D ,30.096356694681624,18.07328499055217
526,2024-06-09,B,70.81720886452815,12.26083745913574
527,2024-06-10,C,6.73506014687717,18.80967784653924
528,2024-06-11, D ,58.217046017627325,20.87236304331485
529,2024-06-12,A,34.588305695295674,17.94967500314421
530,2024-06-13,A,62.091551776747714,14.51233111269654
531,2024-06-14,d,4.5742033812512854,21.852762330148092
532,2024-06-15,C,87.15368061523763,25.0524173728415
533,2024-06-16,C,97.3488969177397,11.644109866260024
534,2024-06-17,d,96.88778552856915,40.669002375265194
535,2024-06-18, D ,74.96518317429248,19.119446029631156
536,2024-06-19,C,13.008624013063198,20.275734200866626
537,2024-06-20,A,75.82631959290225,28.620041141278815
538,2024-06-21,A,2.458691645880151,22.56969473835243
539,2024-06-22,B,2.2123551528997254,32.34852150970093
540,2024-06-23,C,32.36102191495412,23.186311490994093
541,2024-06-24, D ,48.864319040466576,14.787486445418105
542,2024-06-25,d,77.04074178077931,24.064837798788226
543,2024-06-26,d,68.32953766065052,11.337739007205004
544,2024-06-27,,44.590270637674834,21.20590865290574
545,2024-06-28,E,27.362666628166586,19.75457291760538
546,2024-06-29,B,99.71245001577111,18.100536366911363
547,2024-06-30,d,42.6181302235973,18.83527128503022
548,2024-07-01,C,45.13870243296755,7.838719384850336
549,2024-07-02,B,16.362382119166917,15.266143695767257
550,2024-07-03,C,79.48095487499293,21.039938199320822
551,2024-07-04,A,69.36822257814886,21.75684011193294
552,2024-07-05,B,22.07696127887604,12.015078822846844
553,2024-07-06,d,8.238104561584269,37.820599724136066
554,2024-07-07,B,68.0499302074713,13.025546908481267
555,2024-07-08,B,65.45112142811352,32.613574593073224
556,2024-07-09,B,27.32595269982093,24.868381590668644
557,2024-07-10,E,95.08635622504103,14.53975097515596
558,2024-07-11,B,15.105789178090024,48.79634664890654
559,2024-07-12,C,43.23348010426019,11.05830339372812
560,2024-07-13,A,,31.80352354039534
561,2024-07-14,,41.97273169261223,33.12509522507465
562,2024-07-15,B,63.85259476640856,14.363494670410414
563,2024-07-16,d,,40.295211881970076
564,2024-07-17,B,27.421520234867003,17.725011880758323
565,2024-07-18,d,98.39776479598282,23.204513673471492
566,2024-07-19,C,40.9334006315043,22.877660705352536
567,2024-07-20,d,89.40992036791344,18.780998286532927
568,2024-07-21, D ,22.995460589108617,30.126468471958173
569,2024-07-22,A,21.31047040250833,29.866706358397877
570,2024-07-23,d,3.113408288451136,8.379045563029122
571,2024-07-24,d,65.1666825375885,38.55825140907409
572,2024-07-25,A,36.852634372376116,8.747378067019524
573,2024-07-26, D ,86.4358249839637,33.658751688466914
574,2024-07-27,B,47.32099066915572,35.28128200236119
575,2024-07-28,,96.81934279147217,11.640807175722733
576,2024-07-29,A,18.552551570312115,16.3559681634092
577,2024-07-30,C,86.86231679556109,11.555339976565975
578,2024-07-31,A,77.65968527917417,18.039061407207228
579,2024-08-01,C,77.0921844644052,17.218473668036786
580,2024-08-02, D ,84.47832281168877,29.66091738092901
581,2024-08-03,B,76.10239909429988,38.67349079947833
582,2024-08-04,,62.62203216314154,40.360109372098435
583,2024-08-05,E,13.124487768238758,15.163875489767891
584,2024-08-06,d,3.2526179491251916,18.090538433717285
585,2024-08-07, D ,92.08478478156869,8.656243944971802
586,2024-08-08,A,61.665031452073805,13.424279450679848
587,2024-08-09,d,79.65372909761763,32.53855899012799
588,2024-08-10,A,48.152235151255006,45.050830176424704
589,2024-08-11,C,11.730818896239448,10.835475981946697
590,2024-08-12,A,12.518579220255043,14.935902381373195
591,2024-08-13,E,68.55652872289714,19.822092956200944
592,2024-08-14,A,43.030589489946266,23.105728629687032
593,2024-08-15,A,,13.399243364665603
594,2024-08-16,E,49.15945467414369,24.82945182698931
595,2024-08-17, D ,6.420893707513409,15.848586657356396
596,2024-08-18,A,58.19714019143988,19.940919255730424
597,2024-08-19,E,26.899340443509768,26.394142855462547
598,2024-08-20,d,79.75591006371882,20.150137957704718
599,2024-08-21,C,31.036195892357377,16.148175234945555
600,2024-08-22,C,45.52201490818012,19.014371691210993
601,2024-08-23,A,1.1620539908100636,19.217446155641863
602,2024-08-24, D ,7.244688779455888,16.693083718704575
603,2024-08-25, D ,39.24935564066848,17.64763832833481
604,2024-08-26,d,47.99388347171235,44.670958176788105
605,2024-08-27,A,60.00205481193037,26.587993028395573
606,2024-08-28,C,29.166257870930323,17.32689365511376
607,2024-08-29, D ,69.49818861265426,28.45936277616949
608,2024-08-30,A,86.01223971892045,16.997907616895485
609,2024-08-31, D ,77.98509888933498,36.10972858034784
610,2024-09-01,E,3.9618825348357145,24.162965170407205
611,2024-09-02, D ,48.0506947257829,19.036323704964268
612,2024-09-03,C,10.493017841817487,25.12487680051527
613,2024-09-04,B,24.204501586252746,9.157396596794511
614,2024-09-05,d,98.66625932671465,11.434284626712286
615,2024-09-06,d,14.249554290151323,11.056710147200201
616,2024-09-07,C,49.888815345135605,21.5736259409038
617,2024-09-08, D ,61.81557343181191,47.763297018031956
618,2024-09-09,A,70.2464970544104,61.29204562457962
619,2024-09-10, D ,55.96486834869141,27.633410078038604
620,2024-09-11,C,0.9770847419183659,25.80123186445993
621,2024-09-12,d,32.64613082439919,8.161852235999984
622,2024-09-13, D ,51.771164338471145,15.312402181429354
623,2024-09-14,d,8.786649914483336,13.54622788970434
624,2024-09-15,A,35.06269312091808,14.725433971829093
625,2024-09-16,d,3.3203108791366565,18.465942522026936
626,2024-09-17,d,7.857849715502074,15.862450479111933
627,2024-09-18,B,39.69232762015961,7.465930673432857
628,2024-09-19,B,13.271575404306034,29.193764094468143
629,2024-09-20,E,56.75408482615582,11.747359443592371
630,2024-09-21,B,68.94649691372658,22.637853348009966
631,2024-09-22,d,80.05866991090829,56.65846116207559
632,2024-09-23,C,20.01502442448101,12.683573159261401
633,2024-09-24,d,16.748258225906977,5.668112889537533
634,2024-09-25,C,10.456784033440025,17.409184104340646
635,2024-09-26,C,,34.83002553462687
636,2024-09-27,B,70.64757264869012,53.47283281670016
637,2024-09-28, D ,3.1586144825642037,10.861508431339788
638,2024-09-29,A,,25.74781094414743
639,2024-09-30,B,5.1971283651472415,15.916316398029688
640,2024-10-01,B,54.12963353010704,19.04921365652272
641,2024-10-02, D ,70.90605194509165,75.35209087366268
642,2024-10-03,A,87.09691237460856,9.473655449209849
643,2024-10-04,d,71.40869321324278,22.802492057323082
644,2024-10-05,E,80.17280830697918,25.37708460433683
645,2024-10-06,E,33.94501925428061,34.566781977881895
646,2024-10-07,d,81.48251137465122,21.09406195065932
647,2024-10-08,B,8.011484638467515,23.430187844506886
648,2024-10-09,A,89.48166560605276,16.51345851967047
649,2024-10-10,B,54.75923761537362,22.978602817156723
650,2024-10-11,C,81.72977699624937,16.918435108969845
651,2024-10-12,B,,27.406657132612597
652,2024-10-13,B,64.35776951965249,16.696428461643634
653,2024-10-14,d,52.640266093611324,24.253239520876413
654,2024-10-15,d,73.15895217553319,19.79379674997705
655,2024-10-16,d,8.162998203058958,35.26973128376528
656,2024-10-17,E,6.03520839905638,19.575976745005818
657,2024-10-18,C,24.710323401014644,8.27702633740045
658,2024-10-19,d,15.954468011318834,37.74906663002807
659,2024-10-20,A,87.17835665922017,12.77044925042674
660,2024-10-21,E,21.92139873580443,14.485046344169328
661,2024-10-22, D ,97.58652558191314,14.912046153233618
662,2024-10-23,A,33.68957917711069,39.933638807417005
663,2024-10-24,A,18.211791568869927,6.904427641684405
664,2024-10-25,d,78.96985071424791,96.43548801713281
665,2024-10-26, D ,65.87077755008761,34.056755234474345
666,2024-10-27, D ,49.8195716453139,22.457383736551346
667,2024-10-28,E,55.53635509376312,19.54174603713461
668,2024-10-29, D ,71.92017782722638,23.168116332044978
669,2024-10-30,C,22.845474133129873,26.064160615463475
670,2024-10-31,d,99.63339160567419,27.73257716147205
671,2024-11-01, D ,97.4793162146783,26.517429479566594
672,2024-11-02,E,65.03256863469369,21.005626714661172
673,2024-11-03,C,19.954245092914512,18.19834743792824
674,2024-11-04,,68.02282424312914,18.622366497730457
675,2024-11-05,B,7.219840897917584,18.220473142954713
676,2024-11-06,C,3.0652502205806065,35.406132812773656
677,2024-11-07,E,25.76828885112137,27.025432339007864
678,2024-11-08,C,46.26229567393163,4.6172795176840635
679,2024-11-09,d,86.82725054083805,27.881137593355
680,2024-11-10,d,72.7169069766308,22.139605249065973
681,2024-11-11,,74.2706521199981,19.89852526657432
682,2024-11-12, D ,42.54933344480754,16.539323260889464
683,2024-11-13,E,34.59349925469629,35.23557973376525
684,2024-11-14,B,37.10387629846027,32.25790827665057
685,2024-11-15, D ,98.76495637360578,13.647565663936263
686,2024-11-16, D ,4.010919141248248,24.619188114869658
687,2024-11-17,d,86.70314961224486,12.35636892691548
688,2024-11-18,A,57.86754085723934,10.076348223661578
689,2024-11-19,A,43.86154191895905,14.682280928316827
690,2024-11-20,C,72.52576604151365,30.913616064763314
691,2024-11-21,d,48.666894142470284,32.34833407422219
692,2024-11-22, D ,87.34232380816606,25.959631843413746
693,2024-11-23,E,90.07018640112585,28.86263619505228
694,2024-11-24,A,42.17209268734554,25.99980774464674
695,2024-11-25, D ,27.682779723505156,14.574292694627779
696,2024-11-26,A,59.23503285933622,24.92724226634172
697,2024-11-27,A,91.2363345616691,29.970236203050305
698,2024-11-28,A,21.066218900566657,29.287056622027908
699,2024-11-29,E,62.296658356348274,36.39592019249925
700,2024-11-30,d,63.156022009252055,28.62132082837267
701,2024-12-01,,73.3113022415281,23.944151643109297
702,2024-12-02,B,13.15676851272598,34.297591023629
703,2024-12-03, D ,71.58249646820886,19.82094824068974
704,2024-12-04,d,90.9032520665641,12.923697923432664
705,2024-12-05,d,17.968310887024195,18.51287651909204
706,2024-12-06,d,23.754332492387764,13.839802468726013
707,2024-12-07,d,97.13950940416396,14.330797066406681
708,2024-12-08,E,18.097695270948975,18.68536626144374
709,2024-12-09,d,85.4385093369579,13.51486295550812
710,2024-12-10,C,49.227785644803475,17.21910004055288
711,2024-12-11, D ,24.723107440317705,7.792741055861662
712,2024-12-12,d,87.07499012725114,22.3459892641199
713,2024-12-13, D ,44.53052550026655,20.097646882334363
714,2024-12-14,C,51.48173539296902,13.349189674516058
715,2024-12-15,C,35.92333693997657,27.92780630361102
716,2024-12-16, D ,59.29508514349274,32.09772222235963
717,2024-12-17,A,16.352387258502276,8.990963953470837
718,2024-12-18,B,39.10815366517607,13.717022924152438
719,2024-12-19,A,96.94123223352875,13.673078480229051
720,2024-12-20,A,25.813343270112753,12.55411436181445
721,2024-12-21,E,65.67366645412922,30.40896362286178
722,2024-12-22,A,32.51900642246949,18.230334376323317
723,2024-12-23,d,77.34731256866006,17.597248935522874
724,2024-12-24,E,13.087366071834982,7.374800255039207
725,2024-12-25,E,96.98210450785447,27.59705364700526
726,2024-12-26,C,,10.808910092616511
727,2024-12-27,A,23.605046334646396,20.69653541760799
728,2024-12-28,,7.349674733001265,23.073585282588002
729,2024-12-29, D ,,39.659451697455815
730,2024-12-30,B,51.977394855601766,10.439428091438627
731,2024-12-31,E,33.70031764312863,4.438177956624215
732,2025-01-01, D ,82.88833658826094,22.019419584282144
733,2025-01-02, D ,43.08875236618059,49.41507752860234
734,2025-01-03,d,24.871427258762992,37.31790269324264
735,2025-01-04,B,61.714498660403,22.305420209126435
736,2025-01-05, D ,70.67772168854458,15.708184891602821
737,2025-01-06, D ,16.704190790094987,30.07100138731246
738,2025-01-07,B,16.761921628831765,12.344700975015042
739,2025-01-08,B,3.667142693354297,25.487264210558116
740,2025-01-09, D ,73.64020150656405,25.860975101739708
741,2025-01-10,B,66.38045276218051,34.127549241050566
742,2025-01-11, D ,47.46308757498139,79.82446364602778
743,2025-01-12, D ,84.41704489691972,24.4396785986629
744,2025-01-13,d,80.56701529500532,15.572681405110448
745,2025-01-14,A,58.535436439675216,19.83033515704497
746,2025-01-15, D ,86.82712805132586,8.293416833957686
747,2025-01-16,C,20.584121003676824,14.191503414830091
748,2025-01-17,E,11.191961939772789,16.368500405794112
749,2025-01-18,A,26.974961151698963,15.455358953476896
750,2025-01-19,A,5.708685608931486,21.67538827534444
751,2025-01-20,A,53.1169528001032,13.313652783800592
752,2025-01-21,d,93.66056922949615,35.18132259419321
753,2025-01-22, D ,,20.087616535869486
754,2025-01-23,d,12.21099140100268,19.9923527799062
755,2025-01-24, D ,45.21990282834353,17.048336649280177
756,2025-01-25,d,93.38750175279048,21.706143735560296
757,2025-01-26,d,31.61561049767505,30.342492788663886
758,2025-01-27,E,50.723480868839246,13.019326302271201
759,2025-01-28,,4.15728590503921,14.453574518105844
760,2025-01-29,d,14.834320096208886,17.255604437046017
761,2025-01-30,E,98.66301229588468,10.247815267824523
762,2025-01-31,B,96.51186964360456,13.33471880122272
763,2025-02-01,C,,15.829725974540873
764,2025-02-02,d,95.18117854232389,31.099588586144815
765,2025-02-03,A,63.91199378155004,22.903292201871427
766,2025-02-04,B,86.79182945200222,22.126919754256193
767,2025-02-05,B,,30.736441834951776
768,2025-02-06,E,51.55960285792502,18.75225676174952
769,2025-02-07,B,48.88465802569202,24.415847885434165
770,2025-02-08,C,66.68642575461044,19.075201172939455
771,2025-02-09,d,13.96512547563129,22.935390968265665
772,2025-02-10,d,2.9973589872677953,15.008559492615122
773,2025-02-11,A,30.79299415911909,5.933364496657515
774,2025-02-12,E,70.46807627366466,18.781276052830307
775,2025-02-13,A,20.185345212294838,40.909981022209806
776,2025-02-14,B,67.34324333249174,31.916007968620683
777,2025-02-15,A,96.99120461072704,32.5474408126259
778,2025-02-16,C,9.39007157894184,37.26540293257898
779,2025-02-17,d,67.26021182251263,20.99593390659964
780,2025-02-18,B,44.375021930457116,22.168178367596116
781,2025-02-19,A,86.81422543775054,14.74898183522331
782,2025-02-20,E,17.71497894473859,17.14940659238962
783,2025-02-21,,,27.327282848341806
784,2025-02-22,C,83.81152896481102,36.66938528765041
785,2025-02-23,A,,18.732816186722097
786,2025-02-24,d,68.32480282896458,16.037109293291138
787,2025-02-25,A,49.71747640084273,20.090839791635023
788,2025-02-26,B,61.78472402012139,27.129002930965896
789,2025-02-27,A,86.89049844787182,9.757854904884002
790,2025-02-28,C,57.060974663882966,6.371975349223846
791,2025-03-01,A,3.038705969683686,15.252319277406349
792,2025-03-02,d,93.09486955069778,10.909607107404161
793,2025-03-03,E,68.95267510315611,15.579094216562753
794,2025-03-04, D ,67.65133857772466,18.65491855092077
795,2025-03-05,A,21.567515239771716,16.012598129154252
796,2025-03-06,d,65.88854702326572,41.522430169359986
797,2025-03-07,d,39.386440565415846,23.650219174155687
798,2025-03-08,E,65.12329770414921,23.341600080627575
799,2025-03-09,C,10.659303030799073,27.415363612098684
800,2025-03-10,d,65.7845304603036,11.365511252444017
801,2025-03-11,,99.94137257706666,33.76942791783421
802,2025-03-12,d,4.821203886055603,19.338885404234958
803,2025-03-13,d,97.71741842213173,28.08513151214587
804,2025-03-14,B,,11.752563458544573
805,2025-03-15,B,87.07534503372591,9.236108297350324
806,2025-03-16,C,78.23854840582734,30.233326094250746
807,2025-03-17,A,56.70162609866678,24.244863076541666
808,2025-03-18,d,73.84492092513266,12.793973283511361
809,2025-03-19,E,87.8515561301348,13.002848636773978
810,2025-03-20,A,40.4140321651033,35.25887928709081
811,2025-03-21,E,32.70331615632387,11.08168841312934
812,2025-03-22,A,66.75933855635847,45.665198025986726
813,2025-03-23,C,80.78459419412586,12.803129492911397
814,2025-03-24,d,76.22851347766158,27.63811954629662
815,2025-03-25,d,79.78136488586345,17.04216831988909
816,2025-03-26, D ,43.5583314812933,27.155883205058856
817,2025-03-27,E,81.78342161750216,15.301379671532993
818,2025-03-28,A,12.020905537060845,18.515413492674263
819,2025-03-29,A,54.448909796084955,20.500711394189878
820,2025-03-30,B,0.575866049812157,12.169176911221681
821,2025-03-31, D ,32.45858299002703,29.090514903460832
822,2025-04-01,B,36.646153487139784,15.539625052679344
823,2025-04-02,B,39.61726916092554,17.916105238623214
824,2025-04-03,B,69.54672066898621,12.216961984100422
825,2025-04-04,E,38.85581012703457,5.5780160724558865
826,2025-04-05,,44.86936226225306,18.25585989632966
827,2025-04-06,C,23.754413087432745,67.10829855733151
828,2025-04-07,C,37.325179162934006,29.73432623603768
829,2025-04-08,B,22.726962726315147,19.893037778393783
830,2025-04-09, D ,7.319592376844364,17.61154381111978
831,2025-04-10,A,60.34485933813779,20.312428628420495
832,2025-04-11,E,66.82127985550163,26.405162957077888
833,2025-04-12, D ,,11.12943713738985
834,2025-04-13,d,46.34940438005724,35.063505047710755
835,2025-04-14,E,37.978578017922985,28.72278349176283
836,2025-04-15,E,,28.763086976491884
837,2025-04-16,C,51.908178513621806,25.009052752067408
838,2025-04-17,A,47.9181877629731,20.283511788539514
839,2025-04-18,A,2.5642065806435688,28.11858141105486
840,2025-04-19,d,34.12478276261564,27.00189548992346
841,2025-04-20,d,38.019561878585705,16.826914272293426
842,2025-04-21,E,39.88227808969005,15.077432863186305
843,2025-04-22,B,58.017236922733225,21.13495167724994
844,2025-04-23,C,53.360254672687844,43.576154070463595
845,2025-04-24,C,60.79050927934446,10.809727921366147
846,2025-04-25,E,76.48832615421283,9.643049214097307
847,2025-04-26, D ,81.29857387160935,21.810258240755797
848,2025-04-27,B,71.81230762264944,20.603147408145684
849,2025-04-28,,95.55236959549347,21.904034249977865
850,2025-04-29,B,1.823258267636163,22.69118672171972
851,2025-04-30,,19.57779856835461,17.964523073614696
852,2025-05-01,B,0.756287497814212,42.30611842887807
853,2025-05-02,E,64.7474714154603,9.020935212197648
854,2025-05-03,C,89.8030548949987,13.273260033436365
855,2025-05-04,C,24.34822965762993,19.074886365889252
856,2025-05-05,B,92.70345447963066,8.832212896938296
857,2025-05-06, D ,6.026739028956085,18.39488796057604
858,2025-05-07,A,93.44360268055144,46.09641046466607
859,2025-05-08,E,35.16226872396344,20.296394189715834
860,2025-05-09,A,10.142082844921651,22.54132864250095
861,2025-05-10, D ,48.58717591863256,10.696511041568147
862,2025-05-11,E,25.677656772050796,14.7585015937479
863,2025-05-12,B,28.487290196192284,16.64986003089112
864,2025-05-13,,30.728996492628657,17.135330645210257
865,2025-05-14,A,80.30258978326634,38.12315718018446
866,2025-05-15,d,53.91612766752545,26.545109480484058
867,2025-05-16,d,31.130769915600364,11.522147139429231
868,2025-05-17, D ,61.03337833109184,22.72015439117311
869,2025-05-18,B,,25.767419253016346
870,2025-05-19,A,27.262400073353376,35.51923992050675
871,2025-05-20,B,41.354910152535155,44.268366313976394
872,2025-05-21,A,12.188609333694755,12.09089758838154
873,2025-05-22, D ,18.11493495346803,13.390844730667034
874,2025-05-23, D ,68.11178539649828,10.710355428846912
875,2025-05-24,d,18.143834769562694,17.867618825247018
876,2025-05-25,B,52.516338366706016,25.360153622574344
877,2025-05-26,E,70.90462617224327,32.906402980205534
878,2025-05-27,d,10.687692309474384,19.337079844770404
879,2025-05-28,B,56.73122196289035,17.11707046499801
880,2025-05-29,,25.656278370136377,21.66892043997589
881,2025-05-30,E,96.29268752375798,13.229227007681763
882,2025-05-31,C,48.35456467199247,57.098015477474625
883,2025-06-01,C,80.59925497751581,8.990509189656994
884,2025-06-02,,55.022654215626176,22.02923179719266
885,2025-06-03,C,4.341253285481916,55.246396116780254
886,2025-06-04,A,63.31513755940223,20.15394240845101
887,2025-06-05,C,95.14033422066571,18.26488716378144
888,2025-06-06,E,60.16118201463312,16.798293243420467
889,2025-06-07,,81.91888594267903,18.35320390741262
890,2025-06-08, D ,88.42064633484078,39.901911792153555
891,2025-06-09,A,,6.64635805892632
892,2025-06-10,C,21.204483990822666,43.23787514681852
893,2025-06-11,C,61.09809888509917,9.85541868053613
894,2025-06-12,C,41.10284698067047,17.578452028306668
895,2025-06-13,d,,16.205939159745668
896,2025-06-14,B,90.00231233980112,26.95790660603848
897,2025-06-15,d,35.34213793027181,9.033481344272477
898,2025-06-16,B,23.687055897448207,25.307134019505543
899,2025-06-17,C,78.05255152438619,55.26582980360092
900,2025-06-18,,27.48060355481361,10.159538294912156
901,2025-06-19,d,82.26143185136785,22.08399380286387
902,2025-06-20,,42.37382536487628,14.425664989183602
903,2025-06-21,B,66.75498992914704,24.852133477842735
904,2025-06-22, D ,9.553531383466819,20.27875707658343
905,2025-06-23,B,62.3859324676573,14.574253972085327
906,2025-06-24,d,45.17676787372291,25.634424172586115
907,2025-06-25,E,58.66084631754741,49.509969577106524
908,2025-06-26,d,16.801420774486342,18.25699152884484
909,2025-06-27,E,73.68737449441821,28.785706765236316
910,2025-06-28,A,86.27970775432286,10.520897538986734
911,2025-06-29,d,21.673980009077564,12.450761822376688
912,2025-06-30,A,9.571455552016172,25.43695756985296
913,2025-07-01, D ,2.3638586046336396,42.18471764199177
914,2025-07-02,,64.1971500443266,23.99406899004963
915,2025-07-03,E,60.70940360887808,17.175277320609307
916,2025-07-04,B,54.669741271407005,20.078421932406666
917,2025-07-05,A,,10.748821632834197
918,2025-07-06,E,39.09059959055147,27.17391927637114
919,2025-07-07,B,59.4476335186173,31.223359954632677
920,2025-07-08,d,49.67668588591694,16.021872718381523
921,2025-07-09,C,98.77855202148874,15.878705361160474
922,2025-07-10,A,13.643975255673313,22.941307688953724
923,2025-07-11,B,69.51445540475937,16.145479961972054
924,2025-07-12,A,40.431876810429216,19.432242920701977
925,2025-07-13,,42.819961492561475,57.3894733035677
926,2025-07-14,E,71.75977656581762,17.751804089950607
927,2025-07-15,E,69.24361513243696,16.790779962305596
928,2025-07-16,C,99.12559937021884,14.530197894138944
929,2025-07-17,d,12.839428945412523,29.139539154046144
930,2025-07-18,A,10.410964938416633,18.345566054415958
931,2025-07-19,B,72.43388171287411,14.5168998963392
932,2025-07-20, D ,57.83869170064091,38.8866893562315
933,2025-07-21,A,27.416066655980586,40.84569794338868
934,2025-07-22,A,7.9419368988986605,14.876580786262133
935,2025-07-23,C,8.565824959643054,7.89895146187953
936,2025-07-24,d,89.41908746641182,33.24009556285091
937,2025-07-25, D ,19.18673247187429,14.263232710997585
938,2025-07-26,E,32.33715621155208,29.823980944802432
939,2025-07-27,E,22.6656402226988,7.500338037131341
940,2025-07-28,B,35.49963058319373,31.384014444250898
941,2025-07-29, D ,6.942384274609337,10.961772965471669
942,2025-07-30,E,51.90597909082704,28.944553729496715
943,2025-07-31,B,6.76125635922149,20.229390736975844
944,2025-08-01,d,80.03565078223616,12.46631604097873
945,2025-08-02,B,23.3712081910433,495.7103063694234
946,2025-08-03,E,54.00119146045106,28.30841834621151
947,2025-08-04,C,88.00790875614582,21.177667922019804
948,2025-08-05,C,65.08773690471942,26.902157564126345
949,2025-08-06,C,53.29577865513353,53.95877301309572
950,2025-08-07,E,32.43337531153756,9.187824596484607
951,2025-08-08,C,33.300191305819794,45.087555965103974
952,2025-08-09, D ,66.94869551981901,21.161383100285555
953,2025-08-10,d,99.41393612211675,12.814892559777466
954,2025-08-11,B,66.18391898493786,10.327840264113172
955,2025-08-12,B,55.77834173700249,18.27327855736194
956,2025-08-13,E,73.06505102392461,31.843238133003908
957,2025-08-14,C,46.52056122837182,18.844581892359546
958,2025-08-15,C,6.0142342600785215,42.75890445865612
959,2025-08-16,A,56.22968158779098,9.72220218422634
960,2025-08-17,d,95.76252845053801,19.9644966000876
961,2025-08-18, D ,17.530294235765965,10.738154905283219
962,2025-08-19,B,69.00048908206658,24.090460718084135
963,2025-08-20,,20.093368865905646,31.294541677815925
964,2025-08-21,A,53.582768447308126,16.274819593680178
965,2025-08-22,E,9.667644964671961,5.462426318280494
966,2025-08-23,B,45.037093625818514,22.18627985778343
967,2025-08-24,E,75.61633288952461,24.98733948182099
968,2025-08-25, D ,34.757152423898205,24.58526740308184
969,2025-08-26,A,66.4911724487218,37.25890944324424
970,2025-08-27,A,79.54499607897291,11.757286313358197
971,2025-08-28,d,92.71778194794527,28.22217602369321
972,2025-08-29, D ,23.464208185545353,36.46138503190606
973,2025-08-30,A,39.931591580930814,8.254068315886778
974,2025-08-31, D ,15.241601333041743,23.566492950927763
975,2025-09-01,B,99.24835021583752,15.609974243034587
976,2025-09-02,C,92.70009679242953,19.28328509570341
977,2025-09-03,A,,23.899038829005622
978,2025-09-04,d,84.20332943764213,15.742840932126272
979,2025-09-05,B,52.09579772720422,14.327001311034588
980,2025-09-06, D ,62.35856880027597,20.43146692491477
981,2025-09-07,E,8.912443211601662,11.662482091022028
982,2025-09-08,B,75.52704204968079,11.67077012006141
983,2025-09-09,A,12.771348363523483,28.210285386902775
984,2025-09-10, D ,82.60676302525283,11.30904652002321
985,2025-09-11,C,78.20280876703859,28.026661413181163
986,2025-09-12,B,70.87446977429764,25.312431695835173
987,2025-09-13,A,3.6160380524762115,8.474796452760517
988,2025-09-14,d,30.31283559453286,14.313707918878723
989,2025-09-15,E,26.311256991084285,36.490600304676605
990,2025-09-16, D ,36.01364074715191,12.297761259999792
991,2025-09-17,B,8.764274676383854,15.923529671019939
992,2025-09-18,B,93.69578230310628,25.30571973403072
993,2025-09-19,C,55.38022407123763,495.7103063694234
994,2025-09-20,C,30.552431065802356,17.711790663312254
995,2025-09-21,d,39.698151707428345,14.89826707735154
996,2025-09-22,E,44.72025405048357,40.90224415460571
997,2025-09-23,d,60.05943333606173,47.91601696369033
998,2025-09-24,A,51.567942769649775,32.76723310584553
999,2025-09-25,A,91.93919732144174,20.960905739519085
1000,2025-09-26,d,49.696348290583025,495.7103063694234
